,precision,recall,f1_score,precision_at_10_percent,precision_at_30_percent,precision_at_50_percent,precision_at_70_percent,precision_at_90_percent,recall_at_sizeof_ground_truth
coma_schema_instance,0.8993288590604027,0.9370629370629371,0.9178082191780822,1.0,1.0,0.9866666666666667,0.9428571428571428,0.9037037037037037,0.8951048951048951
deepjoin-all-mpnet-base-v2-coltotext-colname-stat-col-shuffle-0.4-epochs-10-bs-16-lr-2e-05-wd-0.01-warmup-10000-cosine,0.7368421052631579,0.9790209790209791,0.8408408408408409,0.9482758620689655,0.3976945244956772,0.24436741767764297,0.17698019801980197,0.13763233878729547,0.7692307692307693
starmie-model_sample_row_ordered_frequent_column_0-ft-cosine,0.6507936507936508,0.8601398601398601,0.7409638554216867,0.8070175438596491,0.3713450292397661,0.23859649122807017,0.17794486215538846,0.13937621832358674,0.7062937062937062
starmie-model_sample_row_ordered_tfidf_entity_column_0-cosine,0.6421052631578947,0.8531468531468531,0.7327327327327328,0.7522123893805309,0.3827893175074184,0.23843416370106763,0.17789072426937738,0.1414441147378833,0.6993006993006993
valentwin-amo-ame-n-100-hn-10-selective-neg-lr-3e5-bs-512-20240421-euc-cnw-04-euc,0.7263157894736842,0.965034965034965,0.8288288288288289,0.9568965517241379,0.41210374639769454,0.24783362218370883,0.17698019801980197,0.13763233878729547,0.8951048951048951
