,precision,recall,f1_score,precision_at_10_percent,precision_at_30_percent,precision_at_50_percent,precision_at_70_percent,precision_at_90_percent,recall_at_sizeof_ground_truth
coma_schema_instance,0.8866666666666667,0.9300699300699301,0.907849829351536,1.0,1.0,0.9866666666666667,0.9428571428571428,0.8888888888888888,0.8811188811188811
deepjoin-all-mpnet-base-v2-coltotext-colname-stat-col-shuffle-0.4-epochs-10-bs-16-lr-2e-05-wd-0.01-warmup-10000-cosine,0.7263157894736842,0.965034965034965,0.8288288288288289,0.9568965517241379,0.38328530259365995,0.24090121317157712,0.1745049504950495,0.13763233878729547,0.8041958041958042
starmie-model_sample_row_ordered_frequent_column_0-ft-cosine,0.6368421052631579,0.8461538461538461,0.7267267267267267,0.7982456140350878,0.38011695906432746,0.24736842105263157,0.17794486215538846,0.13937621832358674,0.6923076923076923
starmie-model_sample_row_ordered_tfidf_entity_column_0-cosine,0.6473684210526316,0.8601398601398601,0.7387387387387387,0.7433628318584071,0.3827893175074184,0.24064171122994651,0.178117048346056,0.14158415841584157,0.7062937062937062
valentwin-amo-ame-n-100-hn-10-selective-neg-lr-3e5-bs-512-20240421-euc-cnw-04-euc,0.7368421052631579,0.9790209790209791,0.8408408408408409,0.9741379310344828,0.41210374639769454,0.24783362218370883,0.17698019801980197,0.13763233878729547,0.9090909090909091
