,precision,recall,f1_score,precision_at_10_percent,precision_at_30_percent,precision_at_50_percent,precision_at_70_percent,precision_at_90_percent,recall_at_sizeof_ground_truth
coma_schema_instance,0.8986486486486487,0.9300699300699301,0.9140893470790379,1.0,1.0,0.9864864864864865,0.9326923076923077,0.9104477611940298,0.916083916083916
deepjoin-all-mpnet-base-v2-coltotext-colname-stat-col-shuffle-0.4-epochs-10-bs-16-lr-2e-05-wd-0.01-warmup-10000-cosine,0.7263157894736842,0.965034965034965,0.8288288288288289,0.9655172413793104,0.3919308357348703,0.24783362218370883,0.17698019801980197,0.13763233878729547,0.8321678321678322
starmie-model_sample_row_ordered_frequent_column_0-ft-cosine,0.6473684210526316,0.8601398601398601,0.7387387387387387,0.7913043478260869,0.37026239067055394,0.2381786339754816,0.17772215269086358,0.13924050632911392,0.7342657342657343
starmie-model_sample_row_ordered_tfidf_entity_column_0,0.6473684210526316,0.8601398601398601,0.7387387387387387,0.7610619469026548,0.3827893175074184,0.24064171122994651,0.17684478371501272,0.14158415841584157,0.6993006993006993
valentwin-amo-ame-n-200-hn-10-selective-neg-lr-3e5-bs-512-20240421-euc-cnw-04-euc,0.7421052631578947,0.986013986013986,0.8468468468468469,0.9655172413793104,0.40634005763688763,0.24783362218370883,0.17698019801980197,0.13763233878729547,0.8671328671328671
