,precision,recall,f1_score,precision_at_10_percent,precision_at_30_percent,precision_at_50_percent,precision_at_70_percent,precision_at_90_percent,recall_at_sizeof_ground_truth
coma_schema_instance,0.8986486486486487,0.9300699300699301,0.9140893470790379,1.0,1.0,0.9864864864864865,0.9326923076923077,0.9104477611940298,0.916083916083916
deepjoin-all-mpnet-base-v2-coltotext-colname-stat-col-shuffle-0.4-epochs-10-bs-16-lr-2e-05-wd-0.01-warmup-10000-cosine,0.7157894736842105,0.951048951048951,0.8168168168168167,0.9655172413793104,0.3919308357348703,0.24783362218370883,0.17698019801980197,0.13763233878729547,0.8321678321678322
starmie-model_sample_row_ordered_frequent_column_0-ft-cosine,0.6455026455026455,0.8531468531468531,0.7349397590361445,0.8070175438596491,0.3713450292397661,0.2478031634446397,0.178168130489335,0.13951219512195123,0.7202797202797203
starmie-model_sample_row_ordered_tfidf_entity_column_0,0.6473684210526316,0.8601398601398601,0.7387387387387387,0.7610619469026548,0.3827893175074184,0.24064171122994651,0.17684478371501272,0.14158415841584157,0.6993006993006993
valentwin-amo-ame-n-300-hn-10-selective-neg-lr-3e5-bs-512-20240421-euc-cnw-04-euc,0.7473684210526316,0.993006993006993,0.8528528528528528,0.9655172413793104,0.41210374639769454,0.24783362218370883,0.17698019801980197,0.13763233878729547,0.8601398601398601
