,precision,recall,f1_score,precision_at_10_percent,precision_at_30_percent,precision_at_50_percent,precision_at_70_percent,precision_at_90_percent,recall_at_sizeof_ground_truth
coma_schema_instance,0.8866666666666667,0.9300699300699301,0.907849829351536,1.0,1.0,0.9866666666666667,0.9428571428571428,0.8962962962962963,0.8811188811188811
deepjoin-all-mpnet-base-v2-coltotext-colname-stat-col-shuffle-0.4-epochs-10-bs-16-lr-2e-05-wd-0.01-warmup-10000-cosine,0.6789473684210526,0.9020979020979021,0.7747747747747747,0.9137931034482759,0.38904899135446686,0.24436741767764297,0.17698019801980197,0.13763233878729547,0.7622377622377622
starmie-model_sample_row_ordered_frequent_column_0-ft-cosine,0.6421052631578947,0.8531468531468531,0.7327327327327328,0.7719298245614035,0.3735294117647059,0.24381625441696114,0.17906683480453972,0.1393523061825319,0.6993006993006993
starmie-model_sample_row_ordered_tfidf_entity_column_0-cosine,0.6473684210526316,0.8601398601398601,0.7387387387387387,0.7433628318584071,0.3827893175074184,0.24064171122994651,0.178117048346056,0.14158415841584157,0.6993006993006993
valentwin-amo-ame-n-300-hn-10-selective-neg-lr-3e5-bs-512-20240421-euc-cnw-04-euc,0.7368421052631579,0.9790209790209791,0.8408408408408409,0.9741379310344828,0.41210374639769454,0.24783362218370883,0.17698019801980197,0.13763233878729547,0.8601398601398601
