,precision,recall,f1_score,precision_at_10_percent,precision_at_30_percent,precision_at_50_percent,precision_at_70_percent,precision_at_90_percent,recall_at_sizeof_ground_truth
coma_schema_instance,0.8866666666666667,0.9300699300699301,0.907849829351536,1.0,1.0,0.9866666666666667,0.9523809523809523,0.8888888888888888,0.8811188811188811
deepjoin-all-mpnet-base-v2-coltotext-colname-stat-col-shuffle-0.4-epochs-10-bs-16-lr-2e-05-wd-0.01-warmup-10000-cosine,0.7157894736842105,0.951048951048951,0.8168168168168167,0.9310344827586207,0.37752161383285304,0.23743500866551126,0.17698019801980197,0.13763233878729547,0.8041958041958042
starmie-model_sample_row_ordered_frequent_column_0-ft-cosine,0.6263157894736842,0.8321678321678322,0.7147147147147147,0.7719298245614035,0.3735294117647059,0.24691358024691357,0.17884130982367757,0.14019607843137255,0.6853146853146853
starmie-model_sample_row_ordered_tfidf_entity_column_0-cosine,0.6473684210526316,0.8601398601398601,0.7387387387387387,0.7433628318584071,0.3827893175074184,0.24064171122994651,0.17834394904458598,0.14172447968285432,0.7062937062937062
valentwin-amo-ame-n-400-hn-10-selective-neg-lr-3e5-bs-512-20240421-euc-cnw-04-euc,0.7421052631578947,0.986013986013986,0.8468468468468469,0.9741379310344828,0.41210374639769454,0.24783362218370883,0.17698019801980197,0.13763233878729547,0.8881118881118881
