,precision,recall,f1_score,precision_at_10_percent,precision_at_30_percent,precision_at_50_percent,precision_at_70_percent,precision_at_90_percent,recall_at_sizeof_ground_truth
alite-bert-base-uncased-l2,0.8650519031141869,0.8012820512820513,0.831946755407654,0.7763157894736842,0.7699115044247787,0.7792553191489362,0.7737642585551331,0.764792899408284,0.7676282051282052
alite-sup-simcse-roberta-base-l2,0.9681978798586572,0.8782051282051282,0.9210084033613446,0.9833333333333333,0.9388888888888889,0.9464882943143813,0.9474940334128878,0.9443413729128015,0.907051282051282
deepjoin-all-mpnet-base-v2-coltotext-colname-stat-col-shuffle-0.4-epochs-10-bs-16-lr-2e-05-wd-0.01-warmup-10000,0.9085545722713865,0.9871794871794872,0.9462365591397851,0.6628308400460299,0.23590333716915995,0.14341620626151014,0.10259782966129563,0.07979539641943734,0.7451923076923077
deepjoin-sup-simcse-roberta-base-coltotext-colname-col-shuffle-0.0-epochs-1-bs-16-lr-2e-05-wd-0.01-warmup-10000,0.8997050147492626,0.9775641025641025,0.9370199692780338,0.714614499424626,0.23935558112773303,0.143646408839779,0.10259782966129563,0.07979539641943734,0.9086538461538461
starmie-model_drop_num_col_random_column_0-ft,0.8525073746312685,0.9262820512820513,0.8878648233486943,0.7127799736495388,0.27184892402283706,0.16416337285902502,0.11744776962168267,0.09134826526130874,0.8205128205128205
starmie-model_sample_row_ordered_frequent_column_0-ft-simcse,0.8053097345132744,0.875,0.8387096774193548,0.6088474970896391,0.2329192546583851,0.14348940135103658,0.10331059723839628,0.08048654244306418,0.8157051282051282
starmie-model_sample_row_ordered_frequent_column_0-simcse,0.8289085545722714,0.9006410256410257,0.8632872503840247,0.6881188118811881,0.2561881188118812,0.1537128712871287,0.1097949080622348,0.0858085808580858,0.842948717948718
starmie-model_sample_row_ordered_tfidf_entity_column_0,0.7654867256637168,0.8317307692307693,0.7972350230414746,0.6104651162790697,0.23855702094647013,0.14455307262569833,0.10375789823744595,0.08070356958096224,0.8221153846153846
valentwin-cihr-n-100-hn-10-selective-neg-lr-3e5-bs-512-euc-cnw-04-euc,0.9203539823008849,1.0,0.9585253456221198,0.7180667433831991,0.23935558112773303,0.143646408839779,0.10259782966129563,0.07979539641943734,0.8974358974358975
