,precision,recall,f1_score,precision_at_10_percent,precision_at_30_percent,precision_at_50_percent,precision_at_70_percent,precision_at_90_percent,recall_at_sizeof_ground_truth
coma_schema_instance,0.954177897574124,0.9147286821705426,0.9340369393139842,1.0,1.0,1.0,1.0,0.9910179640718563,0.9147286821705426
deepjoin-all-mpnet-base-v2-coltotext-colname-stat-col-shuffle-0.4-epochs-10-bs-16-lr-2e-05-wd-0.01-warmup-10000-cosine,0.7927927927927928,0.9095607235142119,0.8471720818291215,0.6617915904936015,0.23339427178549665,0.14149908592321755,0.1010707756594411,0.07861060329067641,0.8785529715762274
starmie-model_sample_row_ordered_frequent_column_0-ft-cosine,0.528344671201814,0.6020671834625323,0.5628019323671497,0.47717842323651455,0.21023513139695713,0.14238273142382732,0.10821227394011267,0.08692644685266313,0.5529715762273901
starmie-model_sample_row_ordered_tfidf_entity_column_0-cosine,0.6081081081081081,0.6976744186046512,0.6498194945848375,0.5845511482254697,0.24373259052924792,0.1537818637693272,0.11223880597014925,0.08869282563269097,0.661498708010336
valentwin-restaurants-n-100-hn-10-selective-neg-lr-3e5-bs-512-20240421-euc-cnw-04-euc,0.7342342342342343,0.8423772609819121,0.7845968712394705,0.6288848263254113,0.2205971968312005,0.13491773308957952,0.0995037868895273,0.07861060329067641,0.8449612403100775
