,precision,recall,f1_score,precision_at_10_percent,precision_at_30_percent,precision_at_50_percent,precision_at_70_percent,precision_at_90_percent,recall_at_sizeof_ground_truth
coma_schema_instance,0.959349593495935,0.9147286821705426,0.9365079365079364,1.0,1.0,1.0,1.0,0.990990990990991,0.9147286821705426
deepjoin-all-mpnet-base-v2-coltotext-colname-stat-col-shuffle-0.4-epochs-10-bs-16-lr-2e-05-wd-0.01-warmup-10000-cosine,0.795045045045045,0.9121447028423773,0.8495788206979543,0.6672760511882998,0.2327848872638635,0.14149908592321755,0.1010707756594411,0.07861060329067641,0.8837209302325582
starmie-model_sample_row_ordered_frequent_column_0-ft-cosine,0.5316742081447964,0.6072351421188631,0.5669481302774427,0.4718162839248434,0.21533101045296169,0.14178168130489335,0.10722819593787336,0.08643122676579926,0.5555555555555556
starmie-model_sample_row_ordered_tfidf_entity_column_0-cosine,0.6013513513513513,0.689922480620155,0.6425992779783394,0.5873684210526315,0.24648876404494383,0.15556492411467115,0.11321890996687745,0.08922716627634661,0.6718346253229974
valentwin-restaurants-n-100-hn-10-selective-neg-lr-3e5-bs-512-20240421-euc-cnw-04-euc,0.7342342342342343,0.8423772609819121,0.7845968712394705,0.6288848263254113,0.2205971968312005,0.13491773308957952,0.0995037868895273,0.07861060329067641,0.8449612403100775
