,precision,recall,f1_score,precision_at_10_percent,precision_at_30_percent,precision_at_50_percent,precision_at_70_percent,precision_at_90_percent,recall_at_sizeof_ground_truth
coma_schema_instance,0.9510869565217391,0.9043927648578811,0.9271523178807947,1.0,1.0,1.0,1.0,0.9939759036144579,0.9043927648578811
deepjoin-deepjoin-all-mpnet-base-v2-coltotext-colname-stat-col-shuffle-0.4-epochs-10-bs-16-lr-2e-05-wd-0.01-warmup-10000,0.8040540540540541,0.9224806201550387,0.8592057761732852,0.6819012797074955,0.23461304082876294,0.14149908592321755,0.1010707756594411,0.07861060329067641,0.9147286821705426
starmie-model_drop_num_col_random_column_0-ft,0.6591422121896162,0.7545219638242894,0.7036144578313253,0.5947867298578199,0.2685624012638231,0.17354196301564723,0.12698950220115138,0.10007900974453517,0.6356589147286822
starmie-model_sample_row_ordered_tfidf_entity_column_0,0.5968468468468469,0.6847545219638242,0.6377858002406739,0.5734989648033126,0.24033149171270718,0.15292167426440115,0.11071640023682652,0.08749712180520378,0.6640826873385013
valentwin-restaurants-n-100-hn-10-selective-neg-lr-3e5-bs-512-20240421-euc-cnw-04-euc,0.7342342342342343,0.8423772609819121,0.7845968712394705,0.6288848263254113,0.22120658135283364,0.13455210237659965,0.09924262209454165,0.07861060329067641,0.8423772609819121
