,precision,recall,f1_score,precision_at_10_percent,precision_at_30_percent,precision_at_50_percent,precision_at_70_percent,precision_at_90_percent,recall_at_sizeof_ground_truth
coma_schema_instance,0.9510869565217391,0.9043927648578811,0.9271523178807947,1.0,1.0,1.0,1.0,0.9939759036144579,0.9043927648578811
deepjoin-all-mpnet-base-v2-coltotext-colname-stat-col-shuffle-0.4-epochs-10-bs-16-lr-2e-05-wd-0.01-warmup-10000-cosine,0.7972972972972973,0.9147286821705426,0.8519855595667869,0.676416819012797,0.23461304082876294,0.14149908592321755,0.1010707756594411,0.07861060329067641,0.8992248062015504
starmie-model_sample_row_ordered_frequent_column_0-ft-cosine,0.5259593679458239,0.6020671834625323,0.5614457831325301,0.48440748440748443,0.2130464954892436,0.14285714285714285,0.10707911957168352,0.08699676075890792,0.5710594315245479
starmie-model_sample_row_ordered_tfidf_entity_column_0,0.5968468468468469,0.6847545219638242,0.6377858002406739,0.5734989648033126,0.24033149171270718,0.15292167426440115,0.11071640023682652,0.08749712180520378,0.6640826873385013
valentwin-restaurants-n-200-hn-10-selective-neg-lr-3e5-bs-512-20240421-euc-cnw-04-euc,0.7477477477477478,0.8578811369509044,0.7990373044524669,0.6325411334552102,0.22364411943936624,0.13784277879341864,0.10002611647949856,0.0784074751167987,0.8372093023255814
