,precision,recall,f1_score,precision_at_10_percent,precision_at_30_percent,precision_at_50_percent,precision_at_70_percent,precision_at_90_percent,recall_at_sizeof_ground_truth
coma_schema_instance,0.959349593495935,0.9147286821705426,0.9365079365079364,1.0,1.0,1.0,1.0,0.990990990990991,0.9147286821705426
deepjoin-all-mpnet-base-v2-coltotext-colname-stat-col-shuffle-0.4-epochs-10-bs-16-lr-2e-05-wd-0.01-warmup-10000-cosine,0.7905405405405406,0.9069767441860465,0.8447653429602887,0.6563071297989032,0.2340036563071298,0.14149908592321755,0.1010707756594411,0.07861060329067641,0.8785529715762274
starmie-model_sample_row_ordered_frequent_column_0-ft-cosine,0.5339366515837104,0.6098191214470284,0.5693606755126659,0.4732510288065844,0.20727522306108442,0.1400329489291598,0.10679611650485436,0.08627002288329519,0.5684754521963824
starmie-model_sample_row_ordered_tfidf_entity_column_0-cosine,0.5833333333333334,0.6692506459948321,0.6233453670276775,0.5696465696465697,0.24080499653018736,0.15320566194837634,0.11150758251561106,0.08743927827897294,0.661498708010336
valentwin-restaurants-n-200-hn-10-selective-neg-lr-3e5-bs-512-20240421-euc-cnw-04-euc,0.7454954954954955,0.8552971576227391,0.7966305655836342,0.6325411334552102,0.22364411943936624,0.13747714808043876,0.10002611647949856,0.0784074751167987,0.8397932816537468
