,precision,recall,f1_score,precision_at_10_percent,precision_at_30_percent,precision_at_50_percent,precision_at_70_percent,precision_at_90_percent,recall_at_sizeof_ground_truth
coma_schema_instance,0.9510869565217391,0.9043927648578811,0.9271523178807947,1.0,1.0,1.0,1.0,0.9939759036144579,0.9043927648578811
deepjoin-all-mpnet-base-v2-coltotext-colname-stat-col-shuffle-0.4-epochs-10-bs-16-lr-2e-05-wd-0.01-warmup-10000-cosine,0.7995495495495496,0.917312661498708,0.8543922984356197,0.6672760511882998,0.2340036563071298,0.14149908592321755,0.1010707756594411,0.07861060329067641,0.8785529715762274
starmie-model_sample_row_ordered_frequent_column_0-ft-cosine,0.5237020316027088,0.599483204134367,0.5590361445783133,0.4894067796610169,0.21484098939929328,0.14249363867684478,0.10814904574371402,0.08741753063147974,0.5710594315245479
starmie-model_sample_row_ordered_tfidf_entity_column_0,0.5968468468468469,0.6847545219638242,0.6377858002406739,0.5734989648033126,0.24033149171270718,0.15292167426440115,0.11071640023682652,0.08749712180520378,0.6640826873385013
valentwin-restaurants-n-300-hn-10-selective-neg-lr-3e5-bs-512-20240421-euc-cnw-04-euc,0.7387387387387387,0.8475452196382429,0.789410348977136,0.6270566727605119,0.2205971968312005,0.13491773308957952,0.09845912770958475,0.07820434694292099,0.8165374677002584
