,precision,recall,f1_score,precision_at_10_percent,precision_at_30_percent,precision_at_50_percent,precision_at_70_percent,precision_at_90_percent,recall_at_sizeof_ground_truth
coma_schema_instance,0.9516129032258065,0.9147286821705426,0.932806324110672,1.0,1.0,1.0,1.0,0.9880597014925373,0.9147286821705426
deepjoin-all-mpnet-base-v2-coltotext-colname-stat-col-shuffle-0.4-epochs-10-bs-16-lr-2e-05-wd-0.01-warmup-10000-cosine,0.795045045045045,0.9121447028423773,0.8495788206979543,0.6508226691042047,0.23461304082876294,0.14149908592321755,0.1010707756594411,0.07861060329067641,0.8423772609819121
starmie-model_sample_row_ordered_frequent_column_0-ft-cosine,0.509009009009009,0.5839793281653747,0.5439229843561975,0.4669421487603306,0.2103448275862069,0.14315266859743483,0.10667848699763594,0.08597701149425287,0.5503875968992248
starmie-model_sample_row_ordered_tfidf_entity_column_0-cosine,0.6148648648648649,0.7054263565891473,0.6570397111913359,0.5833333333333334,0.24097222222222223,0.15256356815339725,0.11048243001786778,0.08754052802223251,0.6692506459948321
valentwin-restaurants-n-300-hn-10-selective-neg-lr-3e5-bs-512-20240421-euc-cnw-04-euc,0.7364864864864865,0.8449612403100775,0.7870036101083032,0.6270566727605119,0.2205971968312005,0.13491773308957952,0.09819796291459912,0.07820434694292099,0.8165374677002584
