,precision,recall,f1_score,precision_at_10_percent,precision_at_30_percent,precision_at_50_percent,precision_at_70_percent,precision_at_90_percent,recall_at_sizeof_ground_truth
coma_schema_instance,0.9510869565217391,0.9043927648578811,0.9271523178807947,1.0,1.0,1.0,1.0,0.9939759036144579,0.9043927648578811
deepjoin-all-mpnet-base-v2-coltotext-colname-stat-col-shuffle-0.4-epochs-10-bs-16-lr-2e-05-wd-0.01-warmup-10000-cosine,0.7995495495495496,0.917312661498708,0.8543922984356197,0.6636197440585009,0.2340036563071298,0.14149908592321755,0.1010707756594411,0.07861060329067641,0.875968992248062
starmie-model_sample_row_ordered_frequent_column_0-ft-cosine,0.5169300225733634,0.5917312661498708,0.5518072289156626,0.4884210526315789,0.21894736842105264,0.14568421052631578,0.10796992481203008,0.0863157894736842,0.5658914728682171
starmie-model_sample_row_ordered_tfidf_entity_column_0,0.5968468468468469,0.6847545219638242,0.6377858002406739,0.5734989648033126,0.24033149171270718,0.15292167426440115,0.11071640023682652,0.08749712180520378,0.6640826873385013
valentwin-restaurants-n-400-hn-10-selective-neg-lr-3e5-bs-512-20240421-euc-cnw-04-euc,0.7342342342342343,0.8423772609819121,0.7845968712394705,0.6270566727605119,0.21755027422303475,0.1356489945155393,0.10002611647949856,0.07861060329067641,0.8578811369509044
