,precision,recall,f1_score,precision_at_10_percent,precision_at_30_percent,precision_at_50_percent,precision_at_70_percent,precision_at_90_percent,recall_at_sizeof_ground_truth
coma_schema_instance,0.954177897574124,0.9147286821705426,0.9340369393139842,1.0,1.0,1.0,1.0,0.9910179640718563,0.9147286821705426
deepjoin-all-mpnet-base-v2-coltotext-colname-stat-col-shuffle-0.4-epochs-10-bs-16-lr-2e-05-wd-0.01-warmup-10000-cosine,0.7927927927927928,0.9095607235142119,0.8471720818291215,0.6526508226691042,0.23339427178549665,0.14076782449725778,0.1010707756594411,0.07861060329067641,0.8682170542635659
starmie-model_sample_row_ordered_frequent_column_0-ft-cosine,0.5304740406320542,0.6072351421188631,0.5662650602409639,0.4669421487603306,0.21571330117160578,0.14273893256102607,0.10697399527186761,0.08641691565157435,0.5555555555555556
starmie-model_sample_row_ordered_tfidf_entity_column_0-cosine,0.6081081081081081,0.6976744186046512,0.6498194945848375,0.5845511482254697,0.24373259052924792,0.1537818637693272,0.11223880597014925,0.08869282563269097,0.661498708010336
valentwin-restaurants-n-400-hn-10-selective-neg-lr-3e5-bs-512-20240421-euc-cnw-04-euc,0.7319819819819819,0.8397932816537468,0.7821901323706378,0.623400365630713,0.21755027422303475,0.1356489945155393,0.09924262209454165,0.07861060329067641,0.8630490956072352
