,precision,recall,f1_score,precision_at_10_percent,precision_at_30_percent,precision_at_50_percent,precision_at_70_percent,precision_at_90_percent,recall_at_sizeof_ground_truth
coma_schema_instance,0.959349593495935,0.9147286821705426,0.9365079365079364,1.0,1.0,1.0,1.0,0.990990990990991,0.9147286821705426
deepjoin-all-mpnet-base-v2-coltotext-colname-stat-col-shuffle-0.4-epochs-10-bs-16-lr-2e-05-wd-0.01-warmup-10000-cosine,0.7927927927927928,0.9095607235142119,0.8471720818291215,0.6508226691042047,0.2327848872638635,0.14149908592321755,0.1010707756594411,0.07861060329067641,0.8604651162790697
starmie-model_sample_row_ordered_frequent_column_0-ft-cosine,0.5225225225225225,0.599483204134367,0.5583634175691938,0.48148148148148145,0.21085164835164835,0.14220939818631492,0.10685899322931999,0.08610029768719946,0.5633074935400517
starmie-model_sample_row_ordered_tfidf_entity_column_0-cosine,0.6013513513513513,0.689922480620155,0.6425992779783394,0.5873684210526315,0.24648876404494383,0.15556492411467115,0.11321890996687745,0.08922716627634661,0.6718346253229974
valentwin-restaurants-n-500-hn-10-selective-neg-lr-3e5-bs-512-20240421-euc-cnw-04-euc,0.7297297297297297,0.8372093023255814,0.779783393501805,0.6197440585009141,0.21876904326630103,0.13382084095063984,0.0966309741446853,0.07657932155189925,0.8372093023255814
