,precision,recall,f1_score,precision_at_10_percent,precision_at_30_percent,precision_at_50_percent,precision_at_70_percent,precision_at_90_percent,recall_at_sizeof_ground_truth
coma_schema_instance,0.9,0.8315217391304348,0.864406779661017,1.0,1.0,0.983957219251337,0.9007633587786259,0.8720238095238095,0.875
deepjoin-all-mpnet-base-v2-coltotext-colname-stat-col-shuffle-0.4-epochs-10-bs-16-lr-2e-05-wd-0.01-warmup-10000-cosine,0.7984293193717278,0.8288043478260869,0.8133333333333334,0.7598566308243727,0.39952153110047844,0.2555635319454415,0.1882051282051282,0.14678899082568808,0.6521739130434783
starmie-model_sample_row_ordered_frequent_column_0-ft-cosine,0.8638743455497382,0.8967391304347826,0.8799999999999999,0.942652329749104,0.3844311377245509,0.24874191229331416,0.1864406779661017,0.14702357171394326,0.8070652173913043
starmie-model_sample_row_ordered_tfidf_entity_column_0-cosine,0.8403141361256544,0.8722826086956522,0.856,0.9676258992805755,0.3865546218487395,0.2494592645998558,0.18486096807415037,0.14697637164597516,0.8369565217391305
valentwin-25ksep11-n-100-hn-10-selective-neg-lr-3e5-bs-512-20240421-euc-cnw-04-euc,0.9083769633507853,0.9429347826086957,0.9253333333333333,0.8781362007168458,0.44019138755980863,0.2641780330222541,0.18871794871794872,0.14678899082568808,0.7228260869565217
