,precision,recall,f1_score,precision_at_10_percent,precision_at_30_percent,precision_at_50_percent,precision_at_70_percent,precision_at_90_percent,recall_at_sizeof_ground_truth
coma_schema_instance,0.9,0.8315217391304348,0.864406779661017,1.0,1.0,0.983957219251337,0.8969465648854962,0.8690476190476191,0.875
deepjoin-all-mpnet-base-v2-coltotext-colname-stat-col-shuffle-0.4-epochs-10-bs-16-lr-2e-05-wd-0.01-warmup-10000,0.806282722513089,0.8369565217391305,0.8213333333333334,0.7634408602150538,0.4019138755980861,0.25699928212491024,0.1882051282051282,0.14678899082568808,0.6630434782608695
starmie-model_drop_num_col_random_column_0-ft,0.9424083769633508,0.9782608695652174,0.9600000000000001,0.8937728937728938,0.4467564259485924,0.2701908957415565,0.19297325642370214,0.15014279885760914,0.7744565217391305
starmie-model_sample_row_ordered_tfidf_entity_column_0,0.8403141361256544,0.8722826086956522,0.856,0.9712230215827338,0.3872901678657074,0.24964028776978417,0.18448098663926002,0.1466826538768985,0.8288043478260869
valentwin-25ksep11-n-100-hn-10-selective-neg-lr-3e5-bs-512-euc-cnw-04-euc,0.9083769633507853,0.9429347826086957,0.9253333333333333,0.8781362007168458,0.44019138755980863,0.2641780330222541,0.18871794871794872,0.14678899082568808,0.7228260869565217
