,precision,recall,f1_score,precision_at_10_percent,precision_at_30_percent,precision_at_50_percent,precision_at_70_percent,precision_at_90_percent,recall_at_sizeof_ground_truth
coma_schema_instance,0.9,0.8315217391304348,0.864406779661017,1.0,1.0,0.983957219251337,0.9007633587786259,0.8720238095238095,0.875
deepjoin-all-mpnet-base-v2-coltotext-colname-stat-col-shuffle-0.4-epochs-10-bs-16-lr-2e-05-wd-0.01-warmup-10000-cosine,0.8036649214659686,0.8342391304347826,0.8186666666666667,0.7598566308243727,0.39712918660287083,0.25699928212491024,0.1882051282051282,0.14678899082568808,0.6467391304347826
starmie-model_sample_row_ordered_frequent_column_0-ft-cosine,0.8534031413612565,0.8858695652173914,0.8693333333333334,0.9460431654676259,0.3908872901678657,0.24676258992805755,0.18756423432682426,0.14708233413269384,0.8125
starmie-model_sample_row_ordered_tfidf_entity_column_0-cosine,0.837696335078534,0.8695652173913043,0.8533333333333334,0.9712230215827338,0.38489208633093525,0.24910007199424047,0.18467078189300412,0.1468,0.8342391304347826
valentwin-25ksep11-n-200-hn-10-selective-neg-lr-3e5-bs-512-20240421-euc-cnw-04-euc,0.9109947643979057,0.9456521739130435,0.928,0.8458781362007168,0.44019138755980863,0.2641780330222541,0.18871794871794872,0.14678899082568808,0.7309782608695652
