,precision,recall,f1_score,precision_at_10_percent,precision_at_30_percent,precision_at_50_percent,precision_at_70_percent,precision_at_90_percent,recall_at_sizeof_ground_truth
coma_schema_instance,0.9,0.8315217391304348,0.864406779661017,1.0,1.0,0.983957219251337,0.8969465648854962,0.8690476190476191,0.875
deepjoin-all-mpnet-base-v2-coltotext-colname-stat-col-shuffle-0.4-epochs-10-bs-16-lr-2e-05-wd-0.01-warmup-10000-cosine,0.806282722513089,0.8369565217391305,0.8213333333333334,0.7634408602150538,0.39832535885167464,0.2555635319454415,0.1882051282051282,0.14678899082568808,0.6603260869565217
starmie-model_sample_row_ordered_frequent_column_0-ft-cosine,0.8691099476439791,0.9021739130434783,0.8853333333333334,0.9640287769784173,0.3908872901678657,0.2489208633093525,0.18602261048304214,0.14708233413269384,0.8070652173913043
starmie-model_sample_row_ordered_tfidf_entity_column_0,0.8403141361256544,0.8722826086956522,0.856,0.9712230215827338,0.3872901678657074,0.24964028776978417,0.18448098663926002,0.1466826538768985,0.8288043478260869
valentwin-25ksep11-n-300-hn-10-selective-neg-lr-3e5-bs-512-20240421-euc-cnw-04-euc,0.8350785340314136,0.8668478260869565,0.8506666666666668,0.7921146953405018,0.44019138755980863,0.2641780330222541,0.18871794871794872,0.14678899082568808,0.7554347826086957
