,precision,recall,f1_score,precision_at_10_percent,precision_at_30_percent,precision_at_50_percent,precision_at_70_percent,precision_at_90_percent,recall_at_sizeof_ground_truth
coma_schema_instance,0.9,0.8315217391304348,0.864406779661017,1.0,1.0,0.983957219251337,0.8969465648854962,0.8690476190476191,0.875
deepjoin-all-mpnet-base-v2-coltotext-colname-stat-col-shuffle-0.4-epochs-10-bs-16-lr-2e-05-wd-0.01-warmup-10000-cosine,0.8036649214659686,0.8342391304347826,0.8186666666666667,0.7634408602150538,0.39832535885167464,0.2562814070351759,0.1882051282051282,0.14678899082568808,0.6630434782608695
starmie-model_sample_row_ordered_frequent_column_0-ft-cosine,0.8612565445026178,0.8940217391304348,0.8773333333333333,0.9640287769784173,0.38489208633093525,0.2460431654676259,0.18499486125385406,0.14708233413269384,0.8206521739130435
starmie-model_sample_row_ordered_tfidf_entity_column_0,0.8403141361256544,0.8722826086956522,0.856,0.9712230215827338,0.3872901678657074,0.24964028776978417,0.18448098663926002,0.1466826538768985,0.8288043478260869
valentwin-25ksep11-n-400-hn-10-selective-neg-lr-3e5-bs-512-20240421-euc-cnw-04-euc,0.9083769633507853,0.9429347826086957,0.9253333333333333,0.9139784946236559,0.44019138755980863,0.2641780330222541,0.18871794871794872,0.14678899082568808,0.7690217391304348
