,precision,recall,f1_score,precision_at_10_percent,precision_at_30_percent,precision_at_50_percent,precision_at_70_percent,precision_at_90_percent,recall_at_sizeof_ground_truth
coma_schema_instance,0.9,0.8315217391304348,0.864406779661017,1.0,1.0,0.983957219251337,0.9007633587786259,0.8720238095238095,0.875
deepjoin-all-mpnet-base-v2-coltotext-colname-stat-col-shuffle-0.4-epochs-10-bs-16-lr-2e-05-wd-0.01-warmup-10000-cosine,0.7905759162303665,0.8206521739130435,0.8053333333333333,0.7562724014336918,0.39593301435406697,0.2548456568557071,0.1882051282051282,0.14678899082568808,0.657608695652174
starmie-model_sample_row_ordered_frequent_column_0-ft-cosine,0.8612565445026178,0.8940217391304348,0.8773333333333333,0.9460431654676259,0.38968824940047964,0.2446043165467626,0.1855087358684481,0.14708233413269384,0.7853260869565217
starmie-model_sample_row_ordered_tfidf_entity_column_0-cosine,0.8403141361256544,0.8722826086956522,0.856,0.9676258992805755,0.3865546218487395,0.2494592645998558,0.18486096807415037,0.14697637164597516,0.8369565217391305
valentwin-25ksep11-n-500-hn-10-selective-neg-lr-3e5-bs-512-20240421-euc-cnw-04-euc,0.8586387434554974,0.8913043478260869,0.8746666666666667,0.9068100358422939,0.44019138755980863,0.2641780330222541,0.18871794871794872,0.14678899082568808,0.7744565217391305
