,precision,recall,f1_score,precision_at_10_percent,precision_at_30_percent,precision_at_50_percent,precision_at_70_percent,precision_at_90_percent,recall_at_sizeof_ground_truth
coma_schema_instance,0.64,0.7272727272727273,0.6808510638297872,1.0,1.0,1.0,0.8333333333333334,0.6956521739130435,0.7272727272727273
deepjoin-all-mpnet-base-v2-coltotext-colname-stat-col-shuffle-0.4-epochs-10-bs-16-lr-2e-05-wd-0.01-warmup-10000-cosine,0.7692307692307693,0.9090909090909091,0.8333333333333333,1.0,0.4888888888888889,0.2972972972972973,0.21153846153846154,0.16417910447761194,0.8636363636363636
starmie-model_sample_row_ordered_frequent_column_0-ft-cosine,0.7692307692307693,0.9090909090909091,0.8333333333333333,1.0,0.4318181818181818,0.2602739726027397,0.20588235294117646,0.16793893129770993,0.8181818181818182
starmie-model_sample_row_ordered_tfidf_entity_column_0-cosine,0.7692307692307693,0.9090909090909091,0.8333333333333333,1.0,0.4222222222222222,0.28378378378378377,0.21153846153846154,0.16417910447761194,0.8636363636363636
valentwin-cosmetics-n-200-hn-10-selective-neg-lr-3e5-bs-512-20240421-euc-cnw-04-euc,0.8461538461538461,1.0,0.9166666666666666,1.0,0.4888888888888889,0.2972972972972973,0.21153846153846154,0.16417910447761194,0.9090909090909091
