,precision,recall,f1_score,precision_at_10_percent,precision_at_30_percent,precision_at_50_percent,precision_at_70_percent,precision_at_90_percent,recall_at_sizeof_ground_truth
coma_schema_instance,0.9387755102040817,0.8679245283018868,0.9019607843137256,1.0,1.0,1.0,1.0,0.9662921348314607,0.8679245283018868
deepjoin-all-mpnet-base-v2-coltotext-colname-stat-col-shuffle-0.4-epochs-10-bs-16-lr-2e-05-wd-0.01-warmup-10000-cosine,0.8,0.9433962264150944,0.8658008658008658,0.8367346938775511,0.35374149659863946,0.2163265306122449,0.15451895043731778,0.12018140589569161,0.7924528301886793
starmie-model_sample_row_ordered_frequent_column_0-ft-cosine,0.656,0.7735849056603774,0.7099567099567099,0.71875,0.3263888888888889,0.20876826722338204,0.15223880597014924,0.12296983758700696,0.6886792452830188
starmie-model_sample_row_ordered_tfidf_entity_column_0-cosine,0.704,0.8301886792452831,0.7619047619047619,0.7741935483870968,0.32616487455197135,0.21505376344086022,0.15821812596006143,0.12664277180406214,0.6981132075471698
valentwin-1009ipopayments-n-100-hn-10-selective-neg-lr-3e5-bs-512-20240421-euc-cnw-04-euc,0.848,1.0,0.9177489177489178,1.0,0.36054421768707484,0.2163265306122449,0.15451895043731778,0.12018140589569161,1.0
