,precision,recall,f1_score,precision_at_10_percent,precision_at_30_percent,precision_at_50_percent,precision_at_70_percent,precision_at_90_percent,recall_at_sizeof_ground_truth
coma_schema_instance,0.9387755102040817,0.8679245283018868,0.9019607843137256,1.0,1.0,1.0,1.0,0.9662921348314607,0.8679245283018868
deepjoin-all-mpnet-base-v2-coltotext-colname-stat-col-shuffle-0.4-epochs-10-bs-16-lr-2e-05-wd-0.01-warmup-10000-cosine,0.808,0.9528301886792453,0.8744588744588744,0.8673469387755102,0.35374149659863946,0.2163265306122449,0.15451895043731778,0.12018140589569161,0.8207547169811321
starmie-model_sample_row_ordered_frequent_column_0-ft-cosine,0.672,0.7924528301886793,0.7272727272727274,0.7395833333333334,0.3205574912891986,0.2112970711297071,0.1582089552238806,0.12311265969802555,0.6981132075471698
starmie-model_sample_row_ordered_tfidf_entity_column_0-cosine,0.696,0.8207547169811321,0.7532467532467533,0.7872340425531915,0.325,0.2145922746781116,0.1579754601226994,0.12649164677804295,0.6981132075471698
valentwin-1009ipopayments-n-100-hn-10-selective-neg-lr-3e5-bs-512-20240421-euc-cnw-04-euc,0.848,1.0,0.9177489177489178,1.0,0.36054421768707484,0.2163265306122449,0.15451895043731778,0.12018140589569161,1.0
