,precision,recall,f1_score,precision_at_10_percent,precision_at_30_percent,precision_at_50_percent,precision_at_70_percent,precision_at_90_percent,recall_at_sizeof_ground_truth
coma_schema_instance,0.9387755102040817,0.8679245283018868,0.9019607843137256,1.0,1.0,1.0,1.0,0.9662921348314607,0.8679245283018868
deepjoin-all-mpnet-base-v2-coltotext-colname-stat-col-shuffle-0.4-epochs-10-bs-16-lr-2e-05-wd-0.01-warmup-10000-cosine,0.8,0.9433962264150944,0.8658008658008658,0.8673469387755102,0.35034013605442177,0.2163265306122449,0.15451895043731778,0.12018140589569161,0.8207547169811321
starmie-model_sample_row_ordered_frequent_column_0-ft-cosine,0.696,0.8207547169811321,0.7532467532467533,0.7291666666666666,0.3170731707317073,0.20711297071129708,0.15074626865671642,0.12311265969802555,0.6981132075471698
starmie-model_sample_row_ordered_tfidf_entity_column_0-cosine,0.696,0.8207547169811321,0.7532467532467533,0.7849462365591398,0.3273381294964029,0.2159827213822894,0.15870570107858242,0.12709832134292565,0.6981132075471698
valentwin-1009ipopayments-n-100-hn-10-selective-neg-lr-3e5-bs-512-20240421-euc-cnw-04-euc,0.848,1.0,0.9177489177489178,1.0,0.36054421768707484,0.2163265306122449,0.15451895043731778,0.12018140589569161,1.0
