,precision,recall,f1_score,precision_at_10_percent,precision_at_30_percent,precision_at_50_percent,precision_at_70_percent,precision_at_90_percent,recall_at_sizeof_ground_truth
coma_schema_instance,0.92,0.8679245283018868,0.8932038834951457,1.0,1.0,1.0,1.0,0.9666666666666667,0.8679245283018868
deepjoin-deepjoin-all-mpnet-base-v2-coltotext-colname-stat-col-shuffle-0.4-epochs-10-bs-16-lr-2e-05-wd-0.01-warmup-10000,0.832,0.9811320754716981,0.9004329004329003,0.9081632653061225,0.35034013605442177,0.2163265306122449,0.15451895043731778,0.12018140589569161,0.8867924528301887
starmie-model_drop_num_col_random_column_0-ft,0.8,0.9433962264150944,0.8658008658008658,0.9230769230769231,0.3897058823529412,0.23399558498896247,0.16692913385826771,0.12990196078431374,0.8584905660377359
starmie-model_sample_row_ordered_tfidf_entity_column_0,0.696,0.8207547169811321,0.7532467532467533,0.7659574468085106,0.325,0.21030042918454936,0.1579754601226994,0.12649164677804295,0.7075471698113207
valentwin-1009ipopayments-n-100-hn-10-selective-neg-lr-3e5-bs-512-euc-cnw-04-euc,0.848,1.0,0.9177489177489178,1.0,0.36054421768707484,0.2163265306122449,0.15451895043731778,0.12018140589569161,1.0
