,precision,recall,f1_score,precision_at_10_percent,precision_at_30_percent,precision_at_50_percent,precision_at_70_percent,precision_at_90_percent,recall_at_sizeof_ground_truth
coma_schema_instance,0.92,0.8679245283018868,0.8932038834951457,1.0,1.0,1.0,1.0,0.9666666666666667,0.8679245283018868
deepjoin-all-mpnet-base-v2-coltotext-colname-stat-col-shuffle-0.4-epochs-10-bs-16-lr-2e-05-wd-0.01-warmup-10000-cosine,0.832,0.9811320754716981,0.9004329004329003,0.9081632653061225,0.35034013605442177,0.2163265306122449,0.15451895043731778,0.12018140589569161,0.8773584905660378
starmie-model_sample_row_ordered_frequent_column_0-ft-cosine,0.68,0.8018867924528302,0.735930735930736,0.7319587628865979,0.31833910034602075,0.20374220374220375,0.1572700296735905,0.12240184757505773,0.6886792452830188
starmie-model_sample_row_ordered_tfidf_entity_column_0,0.696,0.8207547169811321,0.7532467532467533,0.7659574468085106,0.325,0.21030042918454936,0.1579754601226994,0.12649164677804295,0.7075471698113207
valentwin-1009ipopayments-n-300-hn-10-selective-neg-lr-3e5-bs-512-20240421-euc-cnw-04-euc,0.824,0.9716981132075472,0.8917748917748918,1.0,0.35714285714285715,0.2163265306122449,0.15451895043731778,0.12018140589569161,0.9622641509433962
