,precision,recall,f1_score,precision_at_10_percent,precision_at_30_percent,precision_at_50_percent,precision_at_70_percent,precision_at_90_percent,recall_at_sizeof_ground_truth
alite-bert-base-uncased-l2,0.9047619047619048,0.06859205776173286,0.12751677852348994,0.8,0.8,0.8333333333333334,0.8823529411764706,0.8409090909090909,0.07220216606498195
alite-sup-simcse-roberta-base-l2,0.9166666666666666,0.05956678700361011,0.11186440677966103,1.0,0.8461538461538461,0.8571428571428571,0.9,0.868421052631579,0.0631768953068592
deepjoin-all-mpnet-base-v2-coltotext-colname-stat-col-shuffle-0.4-epochs-10-bs-16-lr-2e-05-wd-0.01-warmup-10000,0.6330578512396694,0.6913357400722022,0.6609145815358067,0.4702467343976778,0.216255442670537,0.14426705370101597,0.11071946921003525,0.0880503144654088,0.5270758122743683
deepjoin-sup-simcse-roberta-base-coltotext-colname-col-shuffle-0.0-epochs-1-bs-16-lr-2e-05-wd-0.01-warmup-10000,0.687603305785124,0.7509025270758123,0.71786022433132,0.42380261248185774,0.20416061925495887,0.14310595065312046,0.10885341074020319,0.0880503144654088,0.4927797833935018
starmie-model_drop_num_col_random_column_0-ft,0.7724252491694352,0.8393501805054152,0.8044982698961938,0.6286201022146508,0.28052243043725156,0.18023850085178875,0.13312241421270382,0.10448608745031232,0.6516245487364621
starmie-model_sample_row_ordered_frequent_column_0-ft-simcse,0.7785123966942149,0.8501805054151624,0.812769628990509,0.6913183279742765,0.27813504823151125,0.17138263665594855,0.1260909508497933,0.09842801000357271,0.7527075812274369
starmie-model_sample_row_ordered_frequent_column_0-simcse,0.7933884297520661,0.8664259927797834,0.828300258843831,0.7035256410256411,0.2773917691074292,0.17190506735086594,0.12600229095074456,0.09836065573770492,0.7671480144404332
starmie-model_sample_row_ordered_tfidf_entity_column_0,0.8115702479338843,0.8862815884476535,0.8472821397756687,0.6728395061728395,0.26337448559670784,0.16203703703703703,0.11750440917107584,0.09430727023319616,0.7472924187725631
valentwin-organogram-junior-n-100-hn-10-selective-neg-lr-3e5-bs-512-euc-cnw-04-euc,0.7785123966942149,0.8501805054151624,0.812769628990509,0.5979680696661829,0.25495887760038705,0.1579100145137881,0.113622226829774,0.08934042896307047,0.6696750902527075
