,precision,recall,f1_score,precision_at_10_percent,precision_at_30_percent,precision_at_50_percent,precision_at_70_percent,precision_at_90_percent,recall_at_sizeof_ground_truth
valentwin-books-n-100-hn-10-selective-neg-lr-3e5-bs-512-euc-cnw-04-euc,0.6894117647058824,0.7512820512820513,0.7190184049079754,0.6430260047281324,0.22754137115839243,0.13699763593380615,0.09819317798041202,0.0768321513002364,0.8376068376068376
valentwin-books-n-100-hn-10-selective-neginter-lr-3e5-bs-512-euc-cnw-04-euc,0.668235294117647,0.7282051282051282,0.6969325153374234,0.5348699763593381,0.2090228526398739,0.13286052009456265,0.09718000675447484,0.07610979774100342,0.7196581196581197
valentwin-books-n-100-hn-10-selective-noneg-lr-3e5-bs-512-euc-cnw-04-euc,0.6894117647058824,0.7512820512820513,0.7190184049079754,0.6134751773049646,0.22655634357762017,0.13794326241134752,0.09878419452887538,0.0768321513002364,0.8222222222222222
