,precision,recall,f1_score,precision_at_10_percent,precision_at_30_percent,precision_at_50_percent,precision_at_70_percent,precision_at_90_percent,recall_at_sizeof_ground_truth
valentwin-cosmetics-n-100-hn-10-selective-neg-lr-3e5-bs-512-euc-cnw-04-euc,0.8461538461538461,1.0,0.9166666666666666,1.0,0.4888888888888889,0.2972972972972973,0.21153846153846154,0.16417910447761194,0.9090909090909091
valentwin-cosmetics-n-100-hn-10-selective-neginter-lr-3e5-bs-512-euc-cnw-04-euc,0.8461538461538461,1.0,0.9166666666666666,1.0,0.4222222222222222,0.28378378378378377,0.21153846153846154,0.16417910447761194,0.6818181818181818
valentwin-cosmetics-n-100-hn-10-selective-noneg-lr-3e5-bs-512-euc-cnw-04-euc,0.8461538461538461,1.0,0.9166666666666666,1.0,0.4888888888888889,0.2972972972972973,0.21153846153846154,0.16417910447761194,0.9090909090909091
