,precision,recall,f1_score,precision_at_10_percent,precision_at_30_percent,precision_at_50_percent,precision_at_70_percent,precision_at_90_percent,recall_at_sizeof_ground_truth
coma_schema_instance,0.9231601731601732,0.729059829059829,0.8147086914995224,1.0,1.0,0.9957081545064378,0.9954058192955589,0.966626936829559,0.7333333333333333
deepjoin-all-mpnet-base-v2-coltotext-colname-stat-col-shuffle-0.4-epochs-10-bs-16-lr-2e-05-wd-0.01-warmup-10000-cosine,0.6491365777080063,0.7068376068376069,0.676759410801964,0.5289598108747045,0.20157635467980295,0.1299515194513421,0.0972972972972973,0.07685738684884715,0.6777777777777778
starmie-model_sample_row_ordered_frequent_column_0-ft-cosine,0.5501183898973955,0.5957264957264957,0.5720147722609766,0.5227920227920227,0.229161719306578,0.14821148639019524,0.11115635179153094,0.08969994458079329,0.5888888888888889
starmie-model_sample_row_ordered_tfidf_entity_column_0-cosine,0.5534591194968553,0.6017094017094017,0.5765765765765766,0.5387900355871886,0.23843416370106763,0.15048405466970388,0.11185682326621924,0.09039860803543183,0.6034188034188034
valentwin-books-n-100-hn-10-selective-neg-lr-3e5-bs-512-20240421-euc-cnw-04-euc,0.6894117647058824,0.7512820512820513,0.7190184049079754,0.642434988179669,0.22773837667454688,0.13699763593380615,0.09810874704491726,0.0768321513002364,0.8341880341880342
