,precision,recall,f1_score,precision_at_10_percent,precision_at_30_percent,precision_at_50_percent,precision_at_70_percent,precision_at_90_percent,recall_at_sizeof_ground_truth
coma_schema_instance,0.9277566539923955,0.6256410256410256,0.7473200612557428,1.0,1.0,1.0,0.9982142857142857,0.9625,0.6324786324786325
deepjoin-all-mpnet-base-v2-coltotext-colname-stat-col-shuffle-0.4-epochs-10-bs-16-lr-2e-05-wd-0.01-warmup-10000-cosine,0.6462745098039215,0.7042735042735043,0.6740286298568507,0.541371158392435,0.20141899881750097,0.12689214758751183,0.09586958357969423,0.07660469088758952,0.6965811965811965
starmie-model_sample_row_ordered_frequent_column_0-ft-cosine,0.547244094488189,0.594017094017094,0.569672131147541,0.5166077738515901,0.22944640753828033,0.14925795053003535,0.11186269560827865,0.09014526894385552,0.588034188034188
starmie-model_sample_row_ordered_tfidf_entity_column_0-cosine,0.5641227380015735,0.6128205128205129,0.5874641540352314,0.5342368045649073,0.2340627973358706,0.151277294134437,0.11284403669724771,0.09070726292419917,0.5914529914529915
valentwin-books-n-100-hn-10-selective-neg-lr-3e5-bs-512-20240421-euc-cnw-04-euc,0.6894117647058824,0.7512820512820513,0.7190184049079754,0.640661938534279,0.22773837667454688,0.1372340425531915,0.09810874704491726,0.0768321513002364,0.8333333333333334
