,precision,recall,f1_score,precision_at_10_percent,precision_at_30_percent,precision_at_50_percent,precision_at_70_percent,precision_at_90_percent,recall_at_sizeof_ground_truth
coma_schema_instance,0.9273318872017353,0.7307692307692307,0.817399617590822,1.0,1.0,0.9957081545064378,0.995398773006135,0.9689737470167065,0.7367521367521368
deepjoin-all-mpnet-base-v2-coltotext-colname-stat-col-shuffle-0.4-epochs-10-bs-16-lr-2e-05-wd-0.01-warmup-10000-cosine,0.6452119309262166,0.7025641025641025,0.6726677577741408,0.5416913069189828,0.2026414350482949,0.12655233589591958,0.095378896679902,0.07648334318943426,0.7042735042735043
starmie-model_sample_row_ordered_frequent_column_0-ft-cosine,0.5559055118110237,0.6034188034188034,0.578688524590164,0.5172413793103449,0.23071394345951127,0.15178956446744285,0.11416837782340862,0.09111962945216419,0.5846153846153846
starmie-model_sample_row_ordered_tfidf_entity_column_0-cosine,0.5534591194968553,0.6017094017094017,0.5765765765765766,0.5459896983075792,0.24,0.15446915034604625,0.11495582667227598,0.09342277486910995,0.5931623931623932
valentwin-books-n-100-hn-10-selective-neg-lr-3e5-bs-512-20240421-euc-cnw-04-euc,0.6886274509803921,0.7504273504273504,0.7182004089979551,0.6418439716312057,0.22773837667454688,0.13711583924349882,0.09810874704491726,0.0768321513002364,0.8341880341880342
