,precision,recall,f1_score,precision_at_10_percent,precision_at_30_percent,precision_at_50_percent,precision_at_70_percent,precision_at_90_percent,recall_at_sizeof_ground_truth
coma_schema_instance,0.9199134199134199,0.7264957264957265,0.8118433619866283,1.0,1.0,0.9957356076759062,0.9923780487804879,0.9644549763033176,0.7341880341880341
deepjoin-all-mpnet-base-v2-coltotext-colname-stat-col-shuffle-0.4-epochs-10-bs-16-lr-2e-05-wd-0.01-warmup-10000-cosine,0.6577708006279435,0.7162393162393162,0.6857610474631752,0.5573286052009456,0.20536066219944818,0.13008514664143803,0.09646084973393024,0.076670389593325,0.717948717948718
starmie-model_sample_row_ordered_frequent_column_0-ft-cosine,0.5401574803149606,0.5863247863247864,0.5622950819672131,0.5180897250361794,0.2310660877954655,0.15052829642495297,0.11393713813068652,0.09183017047282084,0.582905982905983
starmie-model_sample_row_ordered_tfidf_entity_column_0-cosine,0.5687352710133543,0.6188034188034188,0.5927138763814983,0.5557163531114327,0.24101326899879372,0.15431383902721482,0.11435070306038048,0.09223964616003216,0.6170940170940171
valentwin-books-n-100-hn-10-selective-neg-lr-3e5-bs-512-20240421-euc-cnw-04-euc,0.6886274509803921,0.7504273504273504,0.7182004089979551,0.6418439716312057,0.22773837667454688,0.13699763593380615,0.09810874704491726,0.0768321513002364,0.8350427350427351
