,precision,recall,f1_score,precision_at_10_percent,precision_at_30_percent,precision_at_50_percent,precision_at_70_percent,precision_at_90_percent,recall_at_sizeof_ground_truth
coma_schema_instance,0.9145021645021645,0.7222222222222222,0.8070678127984717,1.0,1.0,0.9957537154989384,0.9908952959028832,0.9598583234946871,0.7307692307692307
deepjoin-deepjoin-all-mpnet-base-v2-coltotext-colname-stat-col-shuffle-0.4-epochs-10-bs-16-lr-2e-05-wd-0.01-warmup-10000,0.6467817896389325,0.7042735042735043,0.6743044189852702,0.5432464454976303,0.2026466521825005,0.13012562218535198,0.0969271141962245,0.07663945219910456,0.6871794871794872
starmie-model_drop_num_col_random_column_0-ft,0.6044129235618597,0.6555555555555556,0.6289462894628947,0.6224406224406225,0.26863226863226863,0.17477477477477477,0.12916812916812917,0.10273910273910274,0.6401709401709401
starmie-model_sample_row_ordered_tfidf_entity_column_0,0.568503937007874,0.6170940170940171,0.5918032786885246,0.549963530269876,0.24240213955750062,0.15436241610738255,0.11516414799374675,0.09289130258571776,0.6051282051282051
valentwin-books-n-100-hn-10-selective-neg-lr-3e5-bs-512-euc-cnw-04-euc,0.6894117647058824,0.7512820512820513,0.7190184049079754,0.6430260047281324,0.22754137115839243,0.13699763593380615,0.09819317798041202,0.0768321513002364,0.8376068376068376
