,precision,recall,f1_score,precision_at_10_percent,precision_at_30_percent,precision_at_50_percent,precision_at_70_percent,precision_at_90_percent,recall_at_sizeof_ground_truth
coma_schema_instance,0.9145021645021645,0.7222222222222222,0.8070678127984717,1.0,1.0,0.9957537154989384,0.9908952959028832,0.9598583234946871,0.7307692307692307
deepjoin-all-mpnet-base-v2-coltotext-colname-stat-col-shuffle-0.4-epochs-10-bs-16-lr-2e-05-wd-0.01-warmup-10000-cosine,0.6491365777080063,0.7068376068376069,0.676759410801964,0.5463182897862233,0.201980198019802,0.12832699619771862,0.09632521429177629,0.07663872202785663,0.6957264957264957
starmie-model_sample_row_ordered_frequent_column_0-ft-cosine,0.5468873128447597,0.5931623931623932,0.5690856908569086,0.5384615384615384,0.23523717328170377,0.15422596572756317,0.11451094284825225,0.09156918112141993,0.6051282051282051
starmie-model_sample_row_ordered_tfidf_entity_column_0,0.568503937007874,0.6170940170940171,0.5918032786885246,0.549963530269876,0.24240213955750062,0.15436241610738255,0.11516414799374675,0.09289130258571776,0.6051282051282051
valentwin-books-n-200-hn-10-selective-neg-lr-3e5-bs-512-20240421-euc-cnw-04-euc,0.6643137254901961,0.7239316239316239,0.6928425357873211,0.5957446808510638,0.21887312844759654,0.13664302600472814,0.09861533265788584,0.0768321513002364,0.7846153846153846
