,precision,recall,f1_score,precision_at_10_percent,precision_at_30_percent,precision_at_50_percent,precision_at_70_percent,precision_at_90_percent,recall_at_sizeof_ground_truth
coma_schema_instance,0.9199134199134199,0.7264957264957265,0.8118433619866283,1.0,1.0,0.9957356076759062,0.9923780487804879,0.9644549763033176,0.7341880341880341
deepjoin-all-mpnet-base-v2-coltotext-colname-stat-col-shuffle-0.4-epochs-10-bs-16-lr-2e-05-wd-0.01-warmup-10000-cosine,0.6514913657770801,0.7094017094017094,0.679214402618658,0.5529272619751626,0.20508775389469533,0.12991008045433033,0.09667877968393476,0.07664497469269703,0.7085470085470086
starmie-model_sample_row_ordered_frequent_column_0-ft-cosine,0.5468873128447597,0.5931623931623932,0.5690856908569086,0.5262778977681786,0.2361411087113031,0.15264976958525345,0.11407117876980045,0.0912,0.5837606837606838
starmie-model_sample_row_ordered_tfidf_entity_column_0-cosine,0.5687352710133543,0.6188034188034188,0.5927138763814983,0.5557163531114327,0.24101326899879372,0.15431383902721482,0.11435070306038048,0.09223964616003216,0.6170940170940171
valentwin-books-n-200-hn-10-selective-neg-lr-3e5-bs-512-20240421-euc-cnw-04-euc,0.6635294117647059,0.7230769230769231,0.6920245398773006,0.5957446808510638,0.21926713947990545,0.1364066193853428,0.09861533265788584,0.0768321513002364,0.7914529914529914
