,precision,recall,f1_score,precision_at_10_percent,precision_at_30_percent,precision_at_50_percent,precision_at_70_percent,precision_at_90_percent,recall_at_sizeof_ground_truth
coma_schema_instance,0.9145021645021645,0.7222222222222222,0.8070678127984717,1.0,1.0,0.9957537154989384,0.9908952959028832,0.9598583234946871,0.7307692307692307
deepjoin-all-mpnet-base-v2-coltotext-colname-stat-col-shuffle-0.4-epochs-10-bs-16-lr-2e-05-wd-0.01-warmup-10000-cosine,0.6436420722135008,0.7008547008547008,0.6710310965630114,0.5183867141162515,0.19754795333201502,0.12553393450403416,0.09500805152979067,0.07633487145682268,0.6555555555555556
starmie-model_sample_row_ordered_frequent_column_0-ft-cosine,0.5531914893617021,0.6,0.5756457564575646,0.5437956204379562,0.23698296836982968,0.15345305884070667,0.11523620815517781,0.0916538243166518,0.5982905982905983
starmie-model_sample_row_ordered_tfidf_entity_column_0,0.568503937007874,0.6170940170940171,0.5918032786885246,0.549963530269876,0.24240213955750062,0.15436241610738255,0.11516414799374675,0.09289130258571776,0.6051282051282051
valentwin-books-n-300-hn-10-selective-neg-lr-3e5-bs-512-20240421-euc-cnw-04-euc,0.6690196078431373,0.729059829059829,0.6977505112474438,0.5951536643026005,0.22301024428684002,0.13747044917257684,0.09861533265788584,0.0768321513002364,0.7811965811965812
