,precision,recall,f1_score,precision_at_10_percent,precision_at_30_percent,precision_at_50_percent,precision_at_70_percent,precision_at_90_percent,recall_at_sizeof_ground_truth
coma_schema_instance,0.9231601731601732,0.729059829059829,0.8147086914995224,1.0,1.0,0.9957081545064378,0.9954058192955589,0.966626936829559,0.7333333333333333
deepjoin-all-mpnet-base-v2-coltotext-colname-stat-col-shuffle-0.4-epochs-10-bs-16-lr-2e-05-wd-0.01-warmup-10000-cosine,0.652276295133438,0.7102564102564103,0.6800327332242226,0.508274231678487,0.19432400472999606,0.12630085146641437,0.09621557695556682,0.07680683311432326,0.6632478632478632
starmie-model_sample_row_ordered_frequent_column_0-ft-cosine,0.5425867507886435,0.588034188034188,0.5643970467596391,0.5197699496764917,0.2248861184368257,0.14974108170310702,0.11240110962704203,0.09062574922081036,0.588034188034188
starmie-model_sample_row_ordered_tfidf_entity_column_0-cosine,0.5534591194968553,0.6017094017094017,0.5765765765765766,0.5387900355871886,0.23843416370106763,0.15048405466970388,0.11185682326621924,0.09039860803543183,0.6034188034188034
valentwin-books-n-300-hn-10-selective-neg-lr-3e5-bs-512-20240421-euc-cnw-04-euc,0.6705882352941176,0.7307692307692307,0.6993865030674846,0.5927895981087471,0.22320724980299447,0.1375886524822695,0.09861533265788584,0.0768321513002364,0.7837606837606838
