,precision,recall,f1_score,precision_at_10_percent,precision_at_30_percent,precision_at_50_percent,precision_at_70_percent,precision_at_90_percent,recall_at_sizeof_ground_truth
coma_schema_instance,0.9145021645021645,0.7222222222222222,0.8070678127984717,1.0,1.0,0.9957537154989384,0.9908952959028832,0.9598583234946871,0.7307692307692307
deepjoin-all-mpnet-base-v2-coltotext-colname-stat-col-shuffle-0.4-epochs-10-bs-16-lr-2e-05-wd-0.01-warmup-10000-cosine,0.6436420722135008,0.7008547008547008,0.6710310965630114,0.5252225519287834,0.19865453106450337,0.12679567849934703,0.09582767978290366,0.07651210342325704,0.6709401709401709
starmie-model_sample_row_ordered_frequent_column_0-ft-cosine,0.5519685039370079,0.5991452991452991,0.5745901639344263,0.5196220930232558,0.23280038759689922,0.15263846489315308,0.11483750389367667,0.09198094161350238,0.5837606837606838
starmie-model_sample_row_ordered_tfidf_entity_column_0,0.568503937007874,0.6170940170940171,0.5918032786885246,0.549963530269876,0.24240213955750062,0.15436241610738255,0.11516414799374675,0.09289130258571776,0.6051282051282051
valentwin-books-n-400-hn-10-selective-neg-lr-3e5-bs-512-20240421-euc-cnw-04-euc,0.6705882352941176,0.7307692307692307,0.6993865030674846,0.5910165484633569,0.22379826635145783,0.1372340425531915,0.09844647078689632,0.0768321513002364,0.8094017094017094
