,precision,recall,f1_score,precision_at_10_percent,precision_at_30_percent,precision_at_50_percent,precision_at_70_percent,precision_at_90_percent,recall_at_sizeof_ground_truth
coma_schema_instance,0.9273318872017353,0.7307692307692307,0.817399617590822,1.0,1.0,0.9957081545064378,0.995398773006135,0.9689737470167065,0.7367521367521368
deepjoin-all-mpnet-base-v2-coltotext-colname-stat-col-shuffle-0.4-epochs-10-bs-16-lr-2e-05-wd-0.01-warmup-10000-cosine,0.6255886970172685,0.6811965811965812,0.6522094926350245,0.5186280307510349,0.19503056596332086,0.12460063897763578,0.0952501690331305,0.07632132526952407,0.6760683760683761
starmie-model_sample_row_ordered_frequent_column_0-ft-cosine,0.5365278868813825,0.5837606837606838,0.5591485878018829,0.5157367668097281,0.22865999046256558,0.14964234620886982,0.11271203760474147,0.09020823398505802,0.5854700854700855
starmie-model_sample_row_ordered_tfidf_entity_column_0-cosine,0.5534591194968553,0.6017094017094017,0.5765765765765766,0.5459896983075792,0.24,0.15446915034604625,0.11495582667227598,0.09342277486910995,0.5931623931623932
valentwin-books-n-400-hn-10-selective-neg-lr-3e5-bs-512-20240421-euc-cnw-04-euc,0.672156862745098,0.7324786324786324,0.7010224948875255,0.5898345153664303,0.22419227738376674,0.1372340425531915,0.09844647078689632,0.0768321513002364,0.805982905982906
