,precision,recall,f1_score,precision_at_10_percent,precision_at_30_percent,precision_at_50_percent,precision_at_70_percent,precision_at_90_percent,recall_at_sizeof_ground_truth
coma_schema_instance,0.9145021645021645,0.7222222222222222,0.8070678127984717,1.0,1.0,0.9957537154989384,0.9908952959028832,0.9598583234946871,0.7307692307692307
deepjoin-all-mpnet-base-v2-coltotext-colname-stat-col-shuffle-0.4-epochs-10-bs-16-lr-2e-05-wd-0.01-warmup-10000-cosine,0.6475667189952904,0.7051282051282052,0.6751227495908347,0.512759643916914,0.1962801741195093,0.12679567849934703,0.09616689280868386,0.07677593826264759,0.6564102564102564
starmie-model_sample_row_ordered_frequent_column_0-ft-cosine,0.5496845425867508,0.5957264957264957,0.5717801476620181,0.5304475421863536,0.23208608461726585,0.15203991781626064,0.11477987421383648,0.09204304581770749,0.5888888888888889
starmie-model_sample_row_ordered_tfidf_entity_column_0,0.568503937007874,0.6170940170940171,0.5918032786885246,0.549963530269876,0.24240213955750062,0.15436241610738255,0.11516414799374675,0.09289130258571776,0.6051282051282051
valentwin-books-n-500-hn-10-selective-neg-lr-3e5-bs-512-20240421-euc-cnw-04-euc,0.6745098039215687,0.7350427350427351,0.7034764826175869,0.5839243498817966,0.21788810086682428,0.13617021276595745,0.09760216143194866,0.0768321513002364,0.7974358974358975
