,precision,recall,f1_score,precision_at_10_percent,precision_at_30_percent,precision_at_50_percent,precision_at_70_percent,precision_at_90_percent,recall_at_sizeof_ground_truth
coma_schema_instance,0.9277566539923955,0.6256410256410256,0.7473200612557428,1.0,1.0,1.0,0.9982142857142857,0.9625,0.6324786324786325
deepjoin-all-mpnet-base-v2-coltotext-colname-stat-col-shuffle-0.4-epochs-10-bs-16-lr-2e-05-wd-0.01-warmup-10000-cosine,0.6345098039215686,0.6914529914529914,0.661758691206544,0.5201421800947867,0.195695102685624,0.12417061611374408,0.09453283683141503,0.07668509741969458,0.6794871794871795
starmie-model_sample_row_ordered_frequent_column_0-ft-cosine,0.5476003147128246,0.5948717948717949,0.5702580909463336,0.5130557515878617,0.22752941176470587,0.14866581956797967,0.11204114562323518,0.08934034041885638,0.5854700854700855
starmie-model_sample_row_ordered_tfidf_entity_column_0-cosine,0.5641227380015735,0.6128205128205129,0.5874641540352314,0.5342368045649073,0.2340627973358706,0.151277294134437,0.11284403669724771,0.09070726292419917,0.5914529914529915
valentwin-books-n-500-hn-10-selective-neg-lr-3e5-bs-512-20240421-euc-cnw-04-euc,0.6729411764705883,0.7333333333333333,0.701840490797546,0.5839243498817966,0.21670606776989756,0.13628841607565012,0.09760216143194866,0.0768321513002364,0.794017094017094
