,precision,recall,f1_score,precision_at_10_percent,precision_at_30_percent,precision_at_50_percent,precision_at_70_percent,precision_at_90_percent,recall_at_sizeof_ground_truth
valentwin-organogram-junior-n-100-hn-10-selective-neg-lr-3e5-bs-512-euc-cnw-04-euc,0.7785123966942149,0.8501805054151624,0.812769628990509,0.5979680696661829,0.25495887760038705,0.1579100145137881,0.113622226829774,0.08934042896307047,0.6696750902527075
valentwin-organogram-junior-n-100-hn-10-selective-neginter-lr-3e5-bs-512-euc-cnw-04-euc,0.7537190082644628,0.8231046931407943,0.7868852459016393,0.5689404934687954,0.24141267537493952,0.1555878084179971,0.11341488699979266,0.08917916465086276,0.6462093862815884
valentwin-organogram-junior-n-100-hn-10-selective-noneg-lr-3e5-bs-512-euc-cnw-04-euc,0.7801652892561983,0.851985559566787,0.814495254529767,0.5849056603773585,0.2525399129172714,0.15936139332365748,0.11486626580966204,0.08934042896307047,0.6588447653429603
