,precision,recall,f1_score,precision_at_10_percent,precision_at_30_percent,precision_at_50_percent,precision_at_70_percent,precision_at_90_percent,recall_at_sizeof_ground_truth
coma_schema_instance,0.968013468013468,0.9214743589743589,0.9441707717569785,1.0,1.0,0.9932885906040269,0.9928057553956835,0.9832089552238806,0.9214743589743589
deepjoin-all-mpnet-base-v2-coltotext-colname-stat-col-shuffle-0.4-epochs-10-bs-16-lr-2e-05-wd-0.01-warmup-10000-cosine,0.9070796460176991,0.9855769230769231,0.9447004608294931,0.6363636363636364,0.23935558112773303,0.143646408839779,0.10259782966129563,0.07979539641943734,0.8237179487179487
starmie-model_sample_row_ordered_frequent_column_0-ft-cosine,0.7713864306784661,0.8381410256410257,0.8033794162826421,0.6034883720930233,0.23255813953488372,0.1428239125377995,0.10302426055167829,0.08025329542517447,0.8060897435897436
starmie-model_sample_row_ordered_tfidf_entity_column_0-cosine,0.7684365781710915,0.8349358974358975,0.8003072196620583,0.6144859813084113,0.24026479750778817,0.14579439252336449,0.1041388518024032,0.08099688473520249,0.8189102564102564
valentwin-cihr-n-100-hn-10-selective-neg-lr-3e5-bs-512-20240421-euc-cnw-04-euc,0.9203539823008849,1.0,0.9585253456221198,0.7180667433831991,0.23935558112773303,0.143646408839779,0.10259782966129563,0.07979539641943734,0.9038461538461539
