,precision,recall,f1_score,precision_at_10_percent,precision_at_30_percent,precision_at_50_percent,precision_at_70_percent,precision_at_90_percent,recall_at_sizeof_ground_truth
coma_schema_instance,0.9709401709401709,0.9102564102564102,0.9396195202646815,1.0,1.0,0.9931972789115646,0.9951338199513382,0.9810964083175804,0.9102564102564102
deepjoin-deepjoin-all-mpnet-base-v2-coltotext-colname-stat-col-shuffle-0.4-epochs-10-bs-16-lr-2e-05-wd-0.01-warmup-10000,0.9085545722713865,0.9871794871794872,0.9462365591397851,0.6628308400460299,0.23590333716915995,0.14341620626151014,0.10259782966129563,0.07979539641943734,0.7451923076923077
starmie-model_drop_num_col_random_column_0-ft,0.8525073746312685,0.9262820512820513,0.8878648233486943,0.7127799736495388,0.27184892402283706,0.16416337285902502,0.11744776962168267,0.09134826526130874,0.8205128205128205
starmie-model_sample_row_ordered_tfidf_entity_column_0,0.7654867256637168,0.8317307692307693,0.7972350230414746,0.6104651162790697,0.23855702094647013,0.14455307262569833,0.10375789823744595,0.08070356958096224,0.8221153846153846
valentwin-cihr-n-100-hn-10-selective-neg-lr-3e5-bs-512-euc-cnw-04-euc,0.9203539823008849,1.0,0.9585253456221198,0.7180667433831991,0.23935558112773303,0.143646408839779,0.10259782966129563,0.07979539641943734,0.8974358974358975
