,precision,recall,f1_score,precision_at_10_percent,precision_at_30_percent,precision_at_50_percent,precision_at_70_percent,precision_at_90_percent,recall_at_sizeof_ground_truth
coma_schema_instance,0.9682274247491639,0.9278846153846154,0.9476268412438625,1.0,1.0,0.9933554817275747,0.995249406175772,0.9815157116451017,0.9278846153846154
deepjoin-all-mpnet-base-v2-coltotext-colname-stat-col-shuffle-0.4-epochs-10-bs-16-lr-2e-05-wd-0.01-warmup-10000-cosine,0.911504424778761,0.9903846153846154,0.9493087557603687,0.6340621403912543,0.23897199846566936,0.143646408839779,0.10259782966129563,0.07979539641943734,0.8092948717948718
starmie-model_sample_row_ordered_frequent_column_0-ft-cosine,0.7876106194690266,0.8557692307692307,0.8202764976958524,0.6034682080924856,0.22907828769764751,0.14206385932438687,0.10229714096843497,0.07983031237948322,0.8173076923076923
starmie-model_sample_row_ordered_tfidf_entity_column_0-cosine,0.7610619469026548,0.8269230769230769,0.7926267281105989,0.6051401869158879,0.23948598130841123,0.14582846459453144,0.1041562343515273,0.081007399714397,0.8189102564102564
valentwin-cihr-n-100-hn-10-selective-neg-lr-3e5-bs-512-20240421-euc-cnw-04-euc,0.9203539823008849,1.0,0.9585253456221198,0.7180667433831991,0.23935558112773303,0.143646408839779,0.10259782966129563,0.07979539641943734,0.9038461538461539
