,precision,recall,f1_score,precision_at_10_percent,precision_at_30_percent,precision_at_50_percent,precision_at_70_percent,precision_at_90_percent,recall_at_sizeof_ground_truth
coma_schema_instance,0.9709401709401709,0.9102564102564102,0.9396195202646815,1.0,1.0,0.9931972789115646,0.9951338199513382,0.9810964083175804,0.9102564102564102
deepjoin-all-mpnet-base-v2-coltotext-colname-stat-col-shuffle-0.4-epochs-10-bs-16-lr-2e-05-wd-0.01-warmup-10000-cosine,0.8672566371681416,0.9423076923076923,0.9032258064516129,0.6064441887226697,0.23475258918296893,0.14341620626151014,0.10261470152935373,0.07980560173935286,0.7291666666666666
starmie-model_sample_row_ordered_frequent_column_0-ft-cosine,0.7890855457227138,0.8573717948717948,0.8218125960061444,0.6051103368176539,0.2316034082106894,0.14338833372066,0.10308764940239044,0.0801807617817947,0.8141025641025641
starmie-model_sample_row_ordered_tfidf_entity_column_0,0.7654867256637168,0.8317307692307693,0.7972350230414746,0.6104651162790697,0.23855702094647013,0.14455307262569833,0.10375789823744595,0.08070356958096224,0.8221153846153846
valentwin-cihr-n-200-hn-10-selective-neg-lr-3e5-bs-512-20240421-euc-cnw-04-euc,0.9203539823008849,1.0,0.9585253456221198,0.7180667433831991,0.23935558112773303,0.143646408839779,0.10259782966129563,0.07979539641943734,0.9631410256410257
