,precision,recall,f1_score,precision_at_10_percent,precision_at_30_percent,precision_at_50_percent,precision_at_70_percent,precision_at_90_percent,recall_at_sizeof_ground_truth
coma_schema_instance,0.9709401709401709,0.9102564102564102,0.9396195202646815,1.0,1.0,0.9931972789115646,0.9951338199513382,0.9810964083175804,0.9102564102564102
deepjoin-all-mpnet-base-v2-coltotext-colname-stat-col-shuffle-0.4-epochs-10-bs-16-lr-2e-05-wd-0.01-warmup-10000-cosine,0.8657817109144543,0.9407051282051282,0.9016897081413211,0.6029919447640967,0.2366705024932873,0.14341620626151014,0.10259782966129563,0.07979539641943734,0.7083333333333334
starmie-model_sample_row_ordered_frequent_column_0-ft-cosine,0.7979351032448377,0.8669871794871795,0.8310291858678955,0.6,0.23062015503875968,0.1437543614794138,0.10319042871385843,0.08038252778495736,0.8092948717948718
starmie-model_sample_row_ordered_tfidf_entity_column_0,0.7654867256637168,0.8317307692307693,0.7972350230414746,0.6104651162790697,0.23855702094647013,0.14455307262569833,0.10375789823744595,0.08070356958096224,0.8221153846153846
valentwin-cihr-n-400-hn-10-selective-neg-lr-3e5-bs-512-20240421-euc-cnw-04-euc,0.9203539823008849,1.0,0.9585253456221198,0.7180667433831991,0.23935558112773303,0.143646408839779,0.10259782966129563,0.07979539641943734,0.9102564102564102
