,precision,recall,f1_score,precision_at_10_percent,precision_at_30_percent,precision_at_50_percent,precision_at_70_percent,precision_at_90_percent,recall_at_sizeof_ground_truth
coma_schema_instance,0.9709401709401709,0.9102564102564102,0.9396195202646815,1.0,1.0,0.9931972789115646,0.9951338199513382,0.9810964083175804,0.9102564102564102
deepjoin-all-mpnet-base-v2-coltotext-colname-stat-col-shuffle-0.4-epochs-10-bs-16-lr-2e-05-wd-0.01-warmup-10000-cosine,0.8643067846607669,0.9391025641025641,0.9001536098310293,0.5926352128883774,0.23369148119723715,0.1432189730600967,0.10261470152935373,0.07981580966999233,0.7147435897435898
starmie-model_sample_row_ordered_frequent_column_0-ft-cosine,0.803834808259587,0.8733974358974359,0.837173579109063,0.6023255813953489,0.2307990690457719,0.14358855015126834,0.1032247340425532,0.08029480217222654,0.8157051282051282
starmie-model_sample_row_ordered_tfidf_entity_column_0,0.7654867256637168,0.8317307692307693,0.7972350230414746,0.6104651162790697,0.23855702094647013,0.14455307262569833,0.10375789823744595,0.08070356958096224,0.8221153846153846
valentwin-cihr-n-500-hn-10-selective-neg-lr-3e5-bs-512-20240421-euc-cnw-04-euc,0.9203539823008849,1.0,0.9585253456221198,0.7180667433831991,0.23935558112773303,0.143646408839779,0.10259782966129563,0.07979539641943734,0.9711538461538461
