,precision,recall,f1_score,precision_at_10_percent,precision_at_30_percent,precision_at_50_percent,precision_at_70_percent,precision_at_90_percent,recall_at_sizeof_ground_truth
coma_schema_instance,0.96843853820598,0.9342948717948718,0.9510603588907014,1.0,1.0,0.9933774834437086,0.9929078014184397,0.9816176470588235,0.9342948717948718
deepjoin-all-mpnet-base-v2-coltotext-colname-stat-col-shuffle-0.4-epochs-10-bs-16-lr-2e-05-wd-0.01-warmup-10000-cosine,0.9011799410029498,0.9791666666666666,0.9385560675883257,0.6363636363636364,0.23867996930161167,0.1434492286437946,0.10261470152935373,0.07981580966999233,0.7964743589743589
starmie-model_sample_row_ordered_frequent_column_0-ft-cosine,0.7876106194690266,0.8557692307692307,0.8202764976958524,0.6041666666666666,0.2323427248166731,0.14196387216303843,0.10254713860403572,0.08002058407307346,0.8108974358974359
starmie-model_sample_row_ordered_tfidf_entity_column_0-cosine,0.7551622418879056,0.8205128205128205,0.7864823348694316,0.6048951048951049,0.23950233281493002,0.1451236584227718,0.10398266955507415,0.08088139987038237,0.8108974358974359
valentwin-cihr-n-500-hn-10-selective-neg-lr-3e5-bs-512-20240421-euc-cnw-04-euc,0.9203539823008849,1.0,0.9585253456221198,0.7180667433831991,0.23935558112773303,0.143646408839779,0.10259782966129563,0.07979539641943734,0.969551282051282
