,precision,recall,f1_score,precision_at_10_percent,precision_at_30_percent,precision_at_50_percent,precision_at_70_percent,precision_at_90_percent,recall_at_sizeof_ground_truth
alite-bert-base-uncased-l2,0.7209302325581395,0.3974358974358974,0.512396694214876,0.7142857142857143,0.7142857142857143,0.6176470588235294,0.6458333333333334,0.6290322580645161,0.5512820512820513
alite-sup-simcse-roberta-base-l2,1.0,0.782051282051282,0.8776978417266188,1.0,1.0,1.0,1.0,1.0,0.782051282051282
deepjoin-all-mpnet-base-v2-coltotext-colname-stat-col-shuffle-0.4-epochs-10-bs-16-lr-2e-05-wd-0.01-warmup-10000,0.9058823529411765,0.9871794871794872,0.9447852760736197,0.9137931034482759,0.4418604651162791,0.27177700348432055,0.19402985074626866,0.1511627906976744,0.8205128205128205
deepjoin-sup-simcse-roberta-base-coltotext-colname-col-shuffle-0.0-epochs-1-bs-16-lr-2e-05-wd-0.01-warmup-10000,0.9176470588235294,1.0,0.9570552147239264,1.0,0.45348837209302323,0.27177700348432055,0.19402985074626866,0.1511627906976744,0.9871794871794872
starmie-model_drop_num_col_random_column_0-ft,0.6309523809523809,0.6794871794871795,0.654320987654321,0.68,0.4533333333333333,0.304,0.22285714285714286,0.17333333333333334,0.6282051282051282
starmie-model_sample_row_ordered_frequent_column_0-ft-simcse,0.5294117647058824,0.5769230769230769,0.5521472392638036,0.631578947368421,0.33727810650887574,0.24555160142348753,0.18781725888324874,0.1541501976284585,0.48717948717948717
starmie-model_sample_row_ordered_frequent_column_0-simcse,0.5411764705882353,0.5897435897435898,0.5644171779141104,0.6491228070175439,0.34705882352941175,0.22968197879858657,0.1889168765743073,0.15294117647058825,0.5128205128205128
starmie-model_sample_row_ordered_tfidf_entity_column_0,0.49411764705882355,0.5384615384615384,0.5153374233128835,0.6379310344827587,0.3081395348837209,0.21254355400696864,0.15671641791044777,0.13565891472868216,0.5384615384615384
valentwin-500spend-n-100-hn-10-selective-neg-lr-3e5-bs-512-euc-cnw-04-euc,0.9176470588235294,1.0,0.9570552147239264,1.0,0.45348837209302323,0.27177700348432055,0.19402985074626866,0.1511627906976744,1.0
