,precision,recall,f1_score,precision_at_10_percent,precision_at_30_percent,precision_at_50_percent,precision_at_70_percent,precision_at_90_percent,recall_at_sizeof_ground_truth
coma_schema_instance,0.9583333333333334,0.8181818181818182,0.8827292110874201,1.0,1.0,1.0,1.0,1.0,0.8181818181818182
deepjoin-all-mpnet-base-v2-coltotext-colname-stat-col-shuffle-0.4-epochs-10-bs-16-lr-2e-05-wd-0.01-warmup-10000-cosine,0.700374531835206,0.7391304347826086,0.7192307692307692,0.5236220472440944,0.24736842105263157,0.18799368088467613,0.14051918735891647,0.11106233538191396,0.525691699604743
starmie-model_sample_row_ordered_frequent_column_0-ft-cosine,0.6268656716417911,0.6640316205533597,0.6449136276391554,0.6954545454545454,0.31212121212121213,0.20746132848043677,0.1552956465237167,0.12531581606872158,0.6363636363636364
starmie-model_sample_row_ordered_tfidf_entity_column_0-cosine,0.664179104477612,0.7035573122529645,0.6833013435700576,0.6902654867256637,0.3274336283185841,0.2108060230292294,0.15370018975332067,0.1219872110181997,0.6482213438735178
valentwin-academic_papers-n-100-hn-10-selective-neg-lr-3e5-bs-512-20240421-euc-cnw-04-euc,0.8059701492537313,0.8537549407114624,0.8291746641074855,0.828125,0.3237597911227154,0.19827586206896552,0.14165733482642778,0.11019163763066202,0.83399209486166
