,precision,recall,f1_score,precision_at_10_percent,precision_at_30_percent,precision_at_50_percent,precision_at_70_percent,precision_at_90_percent,recall_at_sizeof_ground_truth
coma_schema_instance,0.9539170506912442,0.8181818181818182,0.8808510638297872,1.0,1.0,1.0,1.0,1.0,0.8181818181818182
deepjoin-all-mpnet-base-v2-coltotext-colname-stat-col-shuffle-0.4-epochs-10-bs-16-lr-2e-05-wd-0.01-warmup-10000-cosine,0.7191011235955056,0.758893280632411,0.7384615384615384,0.5196850393700787,0.24736842105263157,0.1878453038674033,0.14261555806087936,0.11096491228070175,0.5217391304347826
starmie-model_sample_row_ordered_frequent_column_0-ft-cosine,0.6231343283582089,0.6600790513833992,0.6410748560460652,0.7123287671232876,0.3114503816793893,0.20531622364802934,0.1551047120418848,0.12525458248472504,0.6600790513833992
starmie-model_sample_row_ordered_tfidf_entity_column_0-cosine,0.667910447761194,0.7075098814229249,0.6871401151631478,0.695067264573991,0.34281437125748504,0.21293800539083557,0.15661103979460847,0.12331502745881179,0.6561264822134387
valentwin-academic_papers-n-100-hn-10-selective-neg-lr-3e5-bs-512-20240421-euc-cnw-04-euc,0.8059701492537313,0.8537549407114624,0.8291746641074855,0.8203125,0.3237597911227154,0.19827586206896552,0.14165733482642778,0.11019163763066202,0.8300395256916996
