,precision,recall,f1_score,precision_at_10_percent,precision_at_30_percent,precision_at_50_percent,precision_at_70_percent,precision_at_90_percent,recall_at_sizeof_ground_truth
coma_schema_instance,0.9539170506912442,0.8181818181818182,0.8808510638297872,1.0,1.0,1.0,1.0,1.0,0.8181818181818182
deepjoin-all-mpnet-base-v2-coltotext-colname-stat-col-shuffle-0.4-epochs-10-bs-16-lr-2e-05-wd-0.01-warmup-10000-cosine,0.6966292134831461,0.7351778656126482,0.7153846153846153,0.5196850393700787,0.24473684210526317,0.1894238358326756,0.1414881623449831,0.11096491228070175,0.5217391304347826
starmie-model_sample_row_ordered_frequent_column_0-ft-cosine,0.6231343283582089,0.6600790513833992,0.6410748560460652,0.6905829596412556,0.2944693572496263,0.20377019748653502,0.15202052597819116,0.12119700748129676,0.6403162055335968
starmie-model_sample_row_ordered_tfidf_entity_column_0-cosine,0.664179104477612,0.7035573122529645,0.6833013435700576,0.7098214285714286,0.33482142857142855,0.20911528150134048,0.15517241379310345,0.1211519364448858,0.6640316205533597
valentwin-academic_papers-n-100-hn-10-selective-neg-lr-3e5-bs-512-20240421-euc-cnw-04-euc,0.8059701492537313,0.8537549407114624,0.8291746641074855,0.828125,0.3237597911227154,0.19827586206896552,0.14165733482642778,0.11019163763066202,0.83399209486166
