,precision,recall,f1_score,precision_at_10_percent,precision_at_30_percent,precision_at_50_percent,precision_at_70_percent,precision_at_90_percent,recall_at_sizeof_ground_truth
coma_schema_instance,0.9495412844036697,0.8181818181818182,0.8789808917197454,1.0,1.0,1.0,1.0,1.0,0.8181818181818182
deepjoin-all-mpnet-base-v2-coltotext-colname-stat-col-shuffle-0.4-epochs-10-bs-16-lr-2e-05-wd-0.01-warmup-10000-cosine,0.6966292134831461,0.7351778656126482,0.7153846153846153,0.5296442687747036,0.24538258575197888,0.18448139350752177,0.14019219898247598,0.11125769569041337,0.5296442687747036
starmie-model_sample_row_ordered_frequent_column_0-ft-cosine,0.6268656716417911,0.6640316205533597,0.6449136276391554,0.7009345794392523,0.3088923556942278,0.2099343955014058,0.1606425702811245,0.1290994273815721,0.6640316205533597
starmie-model_sample_row_ordered_tfidf_entity_column_0-cosine,0.6791044776119403,0.7193675889328063,0.6986564299424184,0.7079646017699115,0.32988165680473375,0.21492007104795738,0.15545685279187818,0.12339585389930899,0.6640316205533597
valentwin-academic_papers-n-200-hn-10-selective-neg-lr-3e5-bs-512-20240421-euc-cnw-04-euc,0.8022388059701493,0.849802371541502,0.8253358925143954,0.86328125,0.3276762402088773,0.19827586206896552,0.14165733482642778,0.11019163763066202,0.8695652173913043
