,precision,recall,f1_score,precision_at_10_percent,precision_at_30_percent,precision_at_50_percent,precision_at_70_percent,precision_at_90_percent,recall_at_sizeof_ground_truth
coma_schema_instance,0.9495412844036697,0.8181818181818182,0.8789808917197454,1.0,1.0,1.0,1.0,1.0,0.8181818181818182
deepjoin-all-mpnet-base-v2-coltotext-colname-stat-col-shuffle-0.4-epochs-10-bs-16-lr-2e-05-wd-0.01-warmup-10000-cosine,0.6966292134831461,0.7351778656126482,0.7153846153846153,0.5277777777777778,0.2493368700265252,0.17740652346857597,0.1403409090909091,0.11140583554376658,0.525691699604743
starmie-model_sample_row_ordered_frequent_column_0-ft-cosine,0.6591760299625468,0.6956521739130435,0.676923076923077,0.7235023041474654,0.3204930662557781,0.2072155411655874,0.1566424322538004,0.12596401028277635,0.6561264822134387
starmie-model_sample_row_ordered_tfidf_entity_column_0,0.6529850746268657,0.691699604743083,0.6717850287907869,0.6888888888888889,0.32592592592592595,0.2117437722419929,0.15692503176620076,0.12401185770750989,0.6442687747035574
valentwin-academic_papers-n-300-hn-10-selective-neg-lr-3e5-bs-512-20240421-euc-cnw-04-euc,0.8059701492537313,0.8537549407114624,0.8291746641074855,0.8046875,0.32506527415143605,0.19827586206896552,0.14165733482642778,0.11019163763066202,0.8102766798418972
