,precision,recall,f1_score,precision_at_10_percent,precision_at_30_percent,precision_at_50_percent,precision_at_70_percent,precision_at_90_percent,recall_at_sizeof_ground_truth
coma_schema_instance,0.9539170506912442,0.8181818181818182,0.8808510638297872,1.0,1.0,1.0,1.0,1.0,0.8181818181818182
deepjoin-all-mpnet-base-v2-coltotext-colname-stat-col-shuffle-0.4-epochs-10-bs-16-lr-2e-05-wd-0.01-warmup-10000-cosine,0.7228464419475655,0.7628458498023716,0.7423076923076923,0.5275590551181102,0.24704336399474375,0.18769716088328076,0.14253521126760563,0.11086765994741454,0.5296442687747036
starmie-model_sample_row_ordered_frequent_column_0-ft-cosine,0.6343283582089553,0.6719367588932806,0.6525911708253359,0.6832579185520362,0.30966767371601206,0.20580235720761558,0.15479274611398963,0.1239294710327456,0.6363636363636364
starmie-model_sample_row_ordered_tfidf_entity_column_0-cosine,0.667910447761194,0.7075098814229249,0.6871401151631478,0.695067264573991,0.34281437125748504,0.21293800539083557,0.15661103979460847,0.12331502745881179,0.6561264822134387
valentwin-academic_papers-n-300-hn-10-selective-neg-lr-3e5-bs-512-20240421-euc-cnw-04-euc,0.7985074626865671,0.8458498023715415,0.8214971209213051,0.8125,0.3224543080939948,0.19827586206896552,0.14165733482642778,0.11019163763066202,0.8142292490118577
