,precision,recall,f1_score,precision_at_10_percent,precision_at_30_percent,precision_at_50_percent,precision_at_70_percent,precision_at_90_percent,recall_at_sizeof_ground_truth
coma_schema_instance,0.9539170506912442,0.8181818181818182,0.8808510638297872,1.0,1.0,1.0,1.0,1.0,0.8181818181818182
deepjoin-all-mpnet-base-v2-coltotext-colname-stat-col-shuffle-0.4-epochs-10-bs-16-lr-2e-05-wd-0.01-warmup-10000-cosine,0.6966292134831461,0.7351778656126482,0.7153846153846153,0.515748031496063,0.24473684210526317,0.1894238358326756,0.14205186020293123,0.11096491228070175,0.5177865612648221
starmie-model_sample_row_ordered_frequent_column_0-ft-cosine,0.6156716417910447,0.6521739130434783,0.6333973128598848,0.6909090909090909,0.30349013657056145,0.20036429872495445,0.1561483409238777,0.12449392712550607,0.6363636363636364
starmie-model_sample_row_ordered_tfidf_entity_column_0-cosine,0.664179104477612,0.7035573122529645,0.6833013435700576,0.7098214285714286,0.33482142857142855,0.20911528150134048,0.15517241379310345,0.1211519364448858,0.6640316205533597
valentwin-academic_papers-n-400-hn-10-selective-neg-lr-3e5-bs-512-20240421-euc-cnw-04-euc,0.7985074626865671,0.8458498023715415,0.8214971209213051,0.8046875,0.31723237597911225,0.19592476489028213,0.14165733482642778,0.11019163763066202,0.8102766798418972
