,precision,recall,f1_score,precision_at_10_percent,precision_at_30_percent,precision_at_50_percent,precision_at_70_percent,precision_at_90_percent,recall_at_sizeof_ground_truth
coma_schema_instance,0.9495412844036697,0.8181818181818182,0.8789808917197454,1.0,1.0,1.0,1.0,1.0,0.8181818181818182
deepjoin-all-mpnet-base-v2-coltotext-colname-stat-col-shuffle-0.4-epochs-10-bs-16-lr-2e-05-wd-0.01-warmup-10000-cosine,0.6966292134831461,0.7351778656126482,0.7153846153846153,0.5317460317460317,0.2493368700265252,0.17754777070063693,0.14098919840818647,0.11145510835913312,0.5335968379446641
starmie-model_sample_row_ordered_frequent_column_0-ft-cosine,0.6305970149253731,0.6679841897233202,0.6487523992322457,0.7061611374407583,0.3175355450236967,0.209478672985782,0.16113744075829384,0.129015271195366,0.6363636363636364
starmie-model_sample_row_ordered_tfidf_entity_column_0,0.6529850746268657,0.691699604743083,0.6717850287907869,0.6888888888888889,0.32592592592592595,0.2117437722419929,0.15692503176620076,0.12401185770750989,0.6442687747035574
valentwin-academic_papers-n-500-hn-10-selective-neg-lr-3e5-bs-512-20240421-euc-cnw-04-euc,0.8097014925373134,0.857707509881423,0.8330134357005758,0.8359375,0.31592689295039167,0.1920062695924765,0.13941769316909294,0.10975609756097561,0.8458498023715415
