,precision,recall,f1_score,precision_at_10_percent,precision_at_30_percent,precision_at_50_percent,precision_at_70_percent,precision_at_90_percent,recall_at_sizeof_ground_truth
coma_schema_instance,0.9583333333333334,0.8181818181818182,0.8827292110874201,1.0,1.0,1.0,1.0,1.0,0.8181818181818182
deepjoin-all-mpnet-base-v2-coltotext-colname-stat-col-shuffle-0.4-epochs-10-bs-16-lr-2e-05-wd-0.01-warmup-10000-cosine,0.700374531835206,0.7391304347826086,0.7192307692307692,0.525691699604743,0.24769433465085638,0.18814229249011857,0.14059853190287974,0.1111111111111111,0.525691699604743
starmie-model_sample_row_ordered_frequent_column_0-ft-cosine,0.6343283582089553,0.6719367588932806,0.6525911708253359,0.6846846846846847,0.3042168674698795,0.20343580470162748,0.15374677002583978,0.12311557788944724,0.6442687747035574
starmie-model_sample_row_ordered_tfidf_entity_column_0-cosine,0.664179104477612,0.7035573122529645,0.6833013435700576,0.6902654867256637,0.3274336283185841,0.2108060230292294,0.15370018975332067,0.1219872110181997,0.6482213438735178
valentwin-academic_papers-n-500-hn-10-selective-neg-lr-3e5-bs-512-20240421-euc-cnw-04-euc,0.8097014925373134,0.857707509881423,0.8330134357005758,0.83203125,0.31462140992167104,0.19278996865203762,0.13941769316909294,0.10975609756097561,0.841897233201581
