,precision,recall,f1_score,precision_at_10_percent,precision_at_30_percent,precision_at_50_percent,precision_at_70_percent,precision_at_90_percent,recall_at_sizeof_ground_truth
valentwin-cihr-n-100-hn-10-selective-neg-lr-3e5-bs-512-euc-cnw-04-euc,0.9203539823008849,1.0,0.9585253456221198,0.7180667433831991,0.23935558112773303,0.143646408839779,0.10259782966129563,0.07979539641943734,0.8974358974358975
valentwin-cihr-n-100-hn-10-selective-neginter-lr-3e5-bs-512-euc-cnw-04-euc,0.9203539823008849,1.0,0.9585253456221198,0.7180667433831991,0.23935558112773303,0.143646408839779,0.10259782966129563,0.07979539641943734,0.9214743589743589
valentwin-cihr-n-100-hn-10-selective-noneg-lr-3e5-bs-512-euc-cnw-04-euc,0.9144542772861357,0.9935897435897436,0.9523809523809524,0.7180667433831991,0.23935558112773303,0.143646408839779,0.10259782966129563,0.07979539641943734,0.8541666666666666
