,precision,recall,f1_score,precision_at_10_percent,precision_at_30_percent,precision_at_50_percent,precision_at_70_percent,precision_at_90_percent,recall_at_sizeof_ground_truth
alite-bert-base-uncased-l2,0.5,0.19939577039274925,0.28509719222462204,0.39285714285714285,0.4101796407185629,0.39676840215439857,0.4012820512820513,0.40219560878243515,0.33610271903323263
alite-sup-simcse-roberta-base-l2,0.6114369501466276,0.3149546827794562,0.415752741774676,0.4391891891891892,0.4796380090497738,0.4578804347826087,0.4640776699029126,0.4652567975830816,0.4652567975830816
deepjoin-all-mpnet-base-v2-coltotext-colname-stat-col-shuffle-0.4-epochs-10-bs-16-lr-2e-05-wd-0.01-warmup-10000,0.8157894736842105,0.8194864048338368,0.8176337603617183,0.7123947051744886,0.26253509827517046,0.15862317968467926,0.11348005502063274,0.08852634394223054,0.850453172205438
deepjoin-sup-simcse-roberta-base-coltotext-colname-col-shuffle-0.0-epochs-1-bs-16-lr-2e-05-wd-0.01-warmup-10000,0.7308270676691729,0.7341389728096677,0.7324792765636774,0.5896510228640193,0.2601283594063378,0.15934528824166566,0.11382393397524071,0.08852634394223054,0.6676737160120846
starmie-model_drop_num_col_random_column_0-ft,0.7289156626506024,0.7311178247734139,0.7300150829562594,0.6482155863073562,0.302574065080136,0.18740891868259982,0.13573436036223588,0.10637953367875648,0.6555891238670695
starmie-model_sample_row_ordered_frequent_column_0-ft-simcse,0.6520754716981132,0.6525679758308157,0.652321630804077,0.6419379258137774,0.28124211057813686,0.18391152855627935,0.13600952174853928,0.10814677663692981,0.6404833836858006
starmie-model_sample_row_ordered_frequent_column_0-simcse,0.6646525679758308,0.6646525679758308,0.6646525679758308,0.6470149253731343,0.27974116475858635,0.18249701314217442,0.1344,0.1071932299012694,0.6525679758308157
starmie-model_sample_row_ordered_tfidf_entity_column_0,0.6164280331574982,0.6178247734138973,0.6171256129762354,0.5897435897435898,0.2650201852291617,0.17326873753206043,0.127735368956743,0.10227992400253325,0.6057401812688822
valentwin-movies-n-100-hn-10-selective-neg-lr-3e5-bs-512-euc-cnw-04-euc,0.7954887218045112,0.7990936555891238,0.7972871137905049,0.6432009626955475,0.24829522663457682,0.15501263689974726,0.11305020632737277,0.08852634394223054,0.7122356495468278
