,precision,recall,f1_score,precision_at_10_percent,precision_at_30_percent,precision_at_50_percent,precision_at_70_percent,precision_at_90_percent,recall_at_sizeof_ground_truth
valentwin-1009ipopayments-n-100-hn-10-selective-neg-lr-3e5-bs-512-euc-cnw-04-euc,0.848,1.0,0.9177489177489178,1.0,0.36054421768707484,0.2163265306122449,0.15451895043731778,0.12018140589569161,1.0
valentwin-1009ipopayments-n-100-hn-10-selective-neginter-lr-3e5-bs-512-euc-cnw-04-euc,0.848,1.0,0.9177489177489178,0.9795918367346939,0.36054421768707484,0.2163265306122449,0.15451895043731778,0.12018140589569161,0.9622641509433962
valentwin-1009ipopayments-n-100-hn-10-selective-noneg-lr-3e5-bs-512-euc-cnw-04-euc,0.848,1.0,0.9177489177489178,1.0,0.36054421768707484,0.2163265306122449,0.15451895043731778,0.12018140589569161,1.0
