,precision,recall,f1_score,precision_at_10_percent,precision_at_30_percent,precision_at_50_percent,precision_at_70_percent,precision_at_90_percent,recall_at_sizeof_ground_truth
alite-bert-base-uncased-l2,0.9508928571428571,0.4011299435028249,0.5642384105960265,0.9148936170212766,0.9214285714285714,0.927038626609442,0.9294478527607362,0.9260143198090692,0.4067796610169492
alite-sup-simcse-roberta-base-l2,0.8536585365853658,0.3954802259887006,0.5405405405405406,0.7777777777777778,0.7936507936507936,0.7770700636942676,0.765375854214123,0.7716814159292036,0.4529190207156309
deepjoin-all-mpnet-base-v2-coltotext-colname-stat-col-shuffle-0.4-epochs-10-bs-16-lr-2e-05-wd-0.01-warmup-10000,0.8322756119673618,0.864406779661017,0.8480369515011549,0.39508340649692714,0.14779045946736905,0.0913081650570676,0.06584723441615452,0.05170227294898059,0.7410546139359698
deepjoin-sup-simcse-roberta-base-coltotext-colname-col-shuffle-0.0-epochs-1-bs-16-lr-2e-05-wd-0.01-warmup-10000,0.8839528558476881,0.9180790960451978,0.9006928406466513,0.4318281455501973,0.15521777258111663,0.0931333859510655,0.06652468053119519,0.05174177831912302,0.7325800376647834
starmie-model_drop_num_col_random_column_0-ft,0.8830462375339981,0.9171374764595104,0.8997690531177829,0.4997566909975669,0.17226277372262774,0.10335766423357665,0.07382690302398331,0.05742092457420925,0.7994350282485876
starmie-model_sample_row_ordered_frequent_column_0-ft-simcse,0.9256572982774252,0.9613935969868174,0.9431870669745958,0.5503426462836057,0.1866760414835648,0.11201350068558169,0.08001205454682438,0.062232639906240846,0.9030131826741996
starmie-model_sample_row_ordered_frequent_column_0-simcse,0.929283771532185,0.9651600753295668,0.9468822170900694,0.5336048879837068,0.18027499575623834,0.1081686697901813,0.07726445980356493,0.06009506564056134,0.916195856873823
starmie-model_sample_row_ordered_tfidf_entity_column_0,0.9111514052583862,0.9463276836158192,0.9284064665127021,0.48783910196445274,0.16450958989552472,0.09936377245508982,0.07097032878909383,0.05520037423982536,0.8832391713747646
valentwin-stockport_contracts-n-100-hn-10-selective-neg-lr-3e5-bs-512-20240421-euc-cnw-04-euc,0.8921124206708976,0.9265536723163842,0.9090069284064665,0.43796580447172295,0.15521777258111663,0.0931333859510655,0.06652468053119519,0.05174177831912302,0.716572504708098
