,precision,recall,f1_score,precision_at_10_percent,precision_at_30_percent,precision_at_50_percent,precision_at_70_percent,precision_at_90_percent,recall_at_sizeof_ground_truth
valentwin-amo-ame-n-100-hn-10-selective-neg-lr-3e5-bs-512-euc-cnw-04-euc,0.7368421052631579,0.9790209790209791,0.8408408408408409,0.9568965517241379,0.41210374639769454,0.24783362218370883,0.17698019801980197,0.13763233878729547,0.8951048951048951
valentwin-amo-ame-n-100-hn-10-selective-neginter-lr-3e5-bs-512-euc-cnw-04-euc,0.7315789473684211,0.972027972027972,0.8348348348348349,0.9568965517241379,0.4034582132564842,0.24263431542461006,0.17326732673267325,0.13763233878729547,0.8531468531468531
valentwin-amo-ame-n-100-hn-10-selective-noneg-lr-3e5-bs-512-euc-cnw-04-euc,0.7210526315789474,0.958041958041958,0.8228228228228228,0.8275862068965517,0.41210374639769454,0.24783362218370883,0.17698019801980197,0.13763233878729547,0.7622377622377622
