,precision,recall,f1_score,precision_at_10_percent,precision_at_30_percent,precision_at_50_percent,precision_at_70_percent,precision_at_90_percent,recall_at_sizeof_ground_truth
valentwin-DCMS_NHM_NHM-n-100-hn-10-selective-neg-lr-3e5-bs-512-euc-cnw-04-euc,0.9727272727272728,0.9727272727272728,0.9727272727272728,1.0,0.4166666666666667,0.25,0.17857142857142858,0.1388888888888889,0.9636363636363636
valentwin-DCMS_NHM_NHM-n-100-hn-10-selective-neginter-lr-3e5-bs-512-euc-cnw-04-euc,1.0,1.0,1.0,0.9772727272727273,0.4128787878787879,0.25,0.17857142857142858,0.1388888888888889,0.8818181818181818
valentwin-DCMS_NHM_NHM-n-100-hn-10-selective-noneg-lr-3e5-bs-512-euc-cnw-04-euc,0.9727272727272728,0.9727272727272728,0.9727272727272728,1.0,0.4166666666666667,0.25,0.17857142857142858,0.1388888888888889,0.9727272727272728
