,precision,recall,f1_score,precision_at_10_percent,precision_at_30_percent,precision_at_50_percent,precision_at_70_percent,precision_at_90_percent,recall_at_sizeof_ground_truth
alite-bert-base-uncased-l2,0.36585365853658536,0.046012269938650305,0.08174386920980926,0.4,0.20689655172413793,0.2916666666666667,0.31343283582089554,0.29069767441860467,0.07975460122699386
alite-sup-simcse-roberta-base-l2,0.3548387096774194,0.03374233128834356,0.061624649859943974,0.42857142857142855,0.19047619047619047,0.3235294117647059,0.2916666666666667,0.27419354838709675,0.05521472392638037
deepjoin-all-mpnet-base-v2-coltotext-colname-stat-col-shuffle-0.4-epochs-10-bs-16-lr-2e-05-wd-0.01-warmup-10000,0.6318840579710145,0.6687116564417178,0.6497764530551415,0.13311258278145696,0.05409582689335394,0.038950715421303655,0.030566859089618623,0.023995289268364493,0.38650306748466257
deepjoin-sup-simcse-roberta-base-coltotext-colname-col-shuffle-0.0-epochs-1-bs-16-lr-2e-05-wd-0.01-warmup-10000,0.6376811594202898,0.6748466257668712,0.6557377049180327,0.15165562913907285,0.06933097814086996,0.043190249072602015,0.030850761805621275,0.023995289268364493,0.3834355828220859
starmie-model_drop_num_col_random_column_0-ft,0.48695652173913045,0.5153374233128835,0.5007451564828614,0.1933115823817292,0.0840358988305684,0.05303524804177546,0.037995337995338,0.02955307769014595,0.36503067484662577
starmie-model_sample_row_ordered_frequent_column_0-ft-simcse,0.5304347826086957,0.5613496932515337,0.5454545454545454,0.265495867768595,0.11088154269972451,0.06736929117586278,0.04811808118081181,0.03742394673401447,0.4754601226993865
starmie-model_sample_row_ordered_frequent_column_0-simcse,0.5768115942028985,0.6104294478527608,0.5931445603576752,0.2719033232628399,0.10749076251259658,0.06530941342471276,0.04693348689893464,0.03650615901455767,0.5061349693251533
starmie-model_sample_row_ordered_tfidf_entity_column_0,0.6434782608695652,0.6809815950920245,0.6616989567809239,0.26033834586466165,0.09868421052631579,0.06090225563909774,0.04377013963480129,0.03404344193817878,0.5613496932515337
valentwin-school_report-n-100-hn-10-selective-neg-lr-3e5-bs-512-euc-cnw-04-euc,0.6956521739130435,0.7361963190184049,0.7153502235469448,0.1695364238410596,0.07109737248840804,0.04266030736618972,0.030566859089618623,0.023995289268364493,0.5122699386503068
