,precision,recall,f1_score,precision_at_10_percent,precision_at_30_percent,precision_at_50_percent,precision_at_70_percent,precision_at_90_percent,recall_at_sizeof_ground_truth
valentwin-stockport_contracts-n-100-hn-10-selective-neg-lr-3e5-bs-512-euc-cnw-04-euc,0.8921124206708976,0.9265536723163842,0.9090069284064665,0.43796580447172295,0.15521777258111663,0.0931333859510655,0.06652468053119519,0.05174177831912302,0.716572504708098
valentwin-stockport_contracts-n-100-hn-10-selective-neginter-lr-3e5-bs-512-euc-cnw-04-euc,0.8939256572982774,0.928436911487759,0.9108545034642032,0.4230600613765892,0.1486407483192049,0.09094098044374288,0.0654597845151591,0.05174177831912302,0.7589453860640302
valentwin-stockport_contracts-n-100-hn-10-selective-noneg-lr-3e5-bs-512-euc-cnw-04-euc,0.8921124206708976,0.9265536723163842,0.9090069284064665,0.43708899605436213,0.1550716164864075,0.0931333859510655,0.06652468053119519,0.05174177831912302,0.6930320150659134
