,precision,recall,f1_score,precision_at_10_percent,precision_at_30_percent,precision_at_50_percent,precision_at_70_percent,precision_at_90_percent,recall_at_sizeof_ground_truth
valentwin-500spend-n-100-hn-10-selective-neg-lr-3e5-bs-512-euc-cnw-04-euc,0.9176470588235294,1.0,0.9570552147239264,1.0,0.45348837209302323,0.27177700348432055,0.19402985074626866,0.1511627906976744,1.0
valentwin-500spend-n-100-hn-10-selective-neginter-lr-3e5-bs-512-euc-cnw-04-euc,0.9058823529411765,0.9871794871794872,0.9447852760736197,0.9827586206896551,0.4476744186046512,0.27177700348432055,0.19402985074626866,0.1511627906976744,0.8589743589743589
valentwin-500spend-n-100-hn-10-selective-noneg-lr-3e5-bs-512-euc-cnw-04-euc,0.9176470588235294,1.0,0.9570552147239264,0.9827586206896551,0.45348837209302323,0.27177700348432055,0.19402985074626866,0.1511627906976744,0.9487179487179487
