,precision,recall,f1_score,precision_at_10_percent,precision_at_30_percent,precision_at_50_percent,precision_at_70_percent,precision_at_90_percent,recall_at_sizeof_ground_truth
coma_schema_instance,0.8694638694638694,0.6732851985559567,0.7589013224821973,1.0,1.0,0.9586776859504132,0.9144542772861357,0.8256880733944955,0.6841155234657039
deepjoin-all-mpnet-base-v2-coltotext-colname-stat-col-shuffle-0.4-epochs-10-bs-16-lr-2e-05-wd-0.01-warmup-10000-cosine,0.6446280991735537,0.703971119133574,0.6729939603106126,0.45573294629898403,0.21673923560716013,0.14455732946298985,0.1105121293800539,0.08821157877761651,0.5379061371841155
starmie-model_sample_row_ordered_frequent_column_0-ft-cosine,0.7818181818181819,0.8537906137184116,0.816220880069025,0.6682027649769585,0.2565284178187404,0.1619047619047619,0.12025455343427693,0.09421402969790067,0.7490974729241877
starmie-model_sample_row_ordered_tfidf_entity_column_0-cosine,0.8115702479338843,0.8862815884476535,0.8472821397756687,0.6712962962962963,0.2638888888888889,0.1614695893794381,0.11799735333039259,0.09433962264150944,0.7436823104693141
valentwin-organogram-junior-n-100-hn-10-selective-neg-lr-3e5-bs-512-20240421-euc-cnw-04-euc,0.7801652892561983,0.851985559566787,0.814495254529767,0.5979680696661829,0.25495887760038705,0.1579100145137881,0.113622226829774,0.08934042896307047,0.6714801444043321
