,precision,recall,f1_score,precision_at_10_percent,precision_at_30_percent,precision_at_50_percent,precision_at_70_percent,precision_at_90_percent,recall_at_sizeof_ground_truth
coma_schema_instance,0.8648018648018648,0.6696750902527075,0.7548321464903357,1.0,1.0,0.9588477366255144,0.9149560117302052,0.821917808219178,0.6841155234657039
deepjoin-all-mpnet-base-v2-coltotext-colname-stat-col-shuffle-0.4-epochs-10-bs-16-lr-2e-05-wd-0.01-warmup-10000-cosine,0.6545454545454545,0.7148014440433214,0.6833477135461604,0.45718432510885343,0.21673923560716013,0.14426705370101597,0.10989010989010989,0.08837284308982422,0.5288808664259927
starmie-model_sample_row_ordered_frequent_column_0-ft-cosine,0.7834710743801653,0.855595667870036,0.817946505608283,0.6753846153846154,0.25808106721395585,0.16225369458128078,0.11941939740488235,0.09442353746151215,0.7436823104693141
starmie-model_sample_row_ordered_tfidf_entity_column_0-cosine,0.8115702479338843,0.8862815884476535,0.8472821397756687,0.6712962962962963,0.2638888888888889,0.1614695893794381,0.11799735333039259,0.09433962264150944,0.7436823104693141
valentwin-organogram-junior-n-100-hn-10-selective-neg-lr-3e5-bs-512-20240421-euc-cnw-04-euc,0.7768595041322314,0.8483754512635379,0.811044003451251,0.5979680696661829,0.25495887760038705,0.1579100145137881,0.113622226829774,0.08934042896307047,0.6714801444043321
