,precision,recall,f1_score,precision_at_10_percent,precision_at_30_percent,precision_at_50_percent,precision_at_70_percent,precision_at_90_percent,recall_at_sizeof_ground_truth
coma_schema_instance,0.8694638694638694,0.6732851985559567,0.7589013224821973,1.0,1.0,0.9586776859504132,0.9144542772861357,0.8275862068965517,0.6841155234657039
deepjoin-all-mpnet-base-v2-coltotext-colname-stat-col-shuffle-0.4-epochs-10-bs-16-lr-2e-05-wd-0.01-warmup-10000-cosine,0.6528925619834711,0.7129963898916968,0.6816220880069025,0.45573294629898403,0.21393998063891578,0.14493174557072322,0.11055797552375025,0.08825427557276541,0.5379061371841155
starmie-model_sample_row_ordered_frequent_column_0-ft-cosine,0.768595041322314,0.8393501805054152,0.8024158757549612,0.6733128834355828,0.2556237218813906,0.16134969325153375,0.11919368974583698,0.09423994546693933,0.7581227436823105
starmie-model_sample_row_ordered_tfidf_entity_column_0-cosine,0.8115702479338843,0.8862815884476535,0.8472821397756687,0.6718027734976888,0.2639958911145352,0.16117103235747304,0.11776359233986353,0.09416195856873823,0.7490974729241877
valentwin-organogram-junior-n-100-hn-10-selective-neg-lr-3e5-bs-512-20240421-euc-cnw-04-euc,0.7801652892561983,0.851985559566787,0.814495254529767,0.5979680696661829,0.25495887760038705,0.1579100145137881,0.113622226829774,0.08934042896307047,0.6696750902527075
