,precision,recall,f1_score,precision_at_10_percent,precision_at_30_percent,precision_at_50_percent,precision_at_70_percent,precision_at_90_percent,recall_at_sizeof_ground_truth
coma_schema_instance,0.8671328671328671,0.6714801444043321,0.7568667344862665,1.0,1.0,0.9588477366255144,0.9149560117302052,0.821917808219178,0.6841155234657039
deepjoin-all-mpnet-base-v2-coltotext-colname-stat-col-shuffle-0.4-epochs-10-bs-16-lr-2e-05-wd-0.01-warmup-10000-cosine,0.6462809917355372,0.7057761732851986,0.6747195858498706,0.45428156748911463,0.21673923560716013,0.1440185830429733,0.11035054967848994,0.0884013550572673,0.5252707581227437
starmie-model_sample_row_ordered_frequent_column_0-ft-cosine,0.7818181818181819,0.8537906137184116,0.816220880069025,0.674884437596302,0.2627249357326478,0.16198704103671707,0.11877479065667695,0.09461775797051765,0.7689530685920578
starmie-model_sample_row_ordered_tfidf_entity_column_0-cosine,0.8115702479338843,0.8862815884476535,0.8472821397756687,0.6712962962962963,0.2638888888888889,0.1614695893794381,0.11799735333039259,0.09433962264150944,0.7436823104693141
valentwin-organogram-junior-n-100-hn-10-selective-neg-lr-3e5-bs-512-20240421-euc-cnw-04-euc,0.7801652892561983,0.851985559566787,0.814495254529767,0.5979680696661829,0.25495887760038705,0.1579100145137881,0.113622226829774,0.08934042896307047,0.6714801444043321
