,precision,recall,f1_score,precision_at_10_percent,precision_at_30_percent,precision_at_50_percent,precision_at_70_percent,precision_at_90_percent,recall_at_sizeof_ground_truth
coma_schema_instance,0.8691588785046729,0.6714801444043321,0.7576374745417516,1.0,1.0,0.9586776859504132,0.9144542772861357,0.825287356321839,0.6823104693140795
deepjoin-all-mpnet-base-v2-coltotext-colname-stat-col-shuffle-0.4-epochs-10-bs-16-lr-2e-05-wd-0.01-warmup-10000-cosine,0.6347107438016529,0.6931407942238267,0.6626402070750648,0.46734397677793904,0.21577164973391388,0.14426705370101597,0.11071946921003525,0.0880503144654088,0.5324909747292419
starmie-model_sample_row_ordered_frequent_column_0-ft-cosine,0.7652892561983471,0.8357400722021661,0.7989646246764452,0.669218989280245,0.25472179683512,0.15926493108728942,0.11857361627652592,0.09375531733877829,0.7527075812274369
starmie-model_sample_row_ordered_tfidf_entity_column_0,0.8115702479338843,0.8862815884476535,0.8472821397756687,0.6728395061728395,0.26337448559670784,0.16203703703703703,0.11750440917107584,0.09430727023319616,0.7472924187725631
valentwin-organogram-junior-n-200-hn-10-selective-neg-lr-3e5-bs-512-20240421-euc-cnw-04-euc,0.7669421487603306,0.8375451263537906,0.8006902502157032,0.6008708272859217,0.24963715529753266,0.1579100145137881,0.11445158614969936,0.08934042896307047,0.6732851985559567
