,precision,recall,f1_score,precision_at_10_percent,precision_at_30_percent,precision_at_50_percent,precision_at_70_percent,precision_at_90_percent,recall_at_sizeof_ground_truth
coma_schema_instance,0.8694638694638694,0.6732851985559567,0.7589013224821973,1.0,1.0,0.9586776859504132,0.9144542772861357,0.8275862068965517,0.6841155234657039
deepjoin-all-mpnet-base-v2-coltotext-colname-stat-col-shuffle-0.4-epochs-10-bs-16-lr-2e-05-wd-0.01-warmup-10000-cosine,0.6479338842975206,0.7075812274368231,0.6764452113891285,0.46008708272859217,0.2138364779874214,0.1448896631823461,0.11076540136901059,0.08824003871592193,0.5270758122743683
starmie-model_sample_row_ordered_frequent_column_0-ft-cosine,0.7801652892561983,0.851985559566787,0.814495254529767,0.6779141104294478,0.2569089048106448,0.16185503685503685,0.12000877577885037,0.09436860068259385,0.7527075812274369
starmie-model_sample_row_ordered_tfidf_entity_column_0-cosine,0.8115702479338843,0.8862815884476535,0.8472821397756687,0.6718027734976888,0.2639958911145352,0.16117103235747304,0.11776359233986353,0.09416195856873823,0.7490974729241877
valentwin-organogram-junior-n-200-hn-10-selective-neg-lr-3e5-bs-512-20240421-euc-cnw-04-euc,0.7669421487603306,0.8375451263537906,0.8006902502157032,0.602322206095791,0.24915336236090954,0.1579100145137881,0.11445158614969936,0.08934042896307047,0.6714801444043321
