,precision,recall,f1_score,precision_at_10_percent,precision_at_30_percent,precision_at_50_percent,precision_at_70_percent,precision_at_90_percent,recall_at_sizeof_ground_truth
coma_schema_instance,0.8691588785046729,0.6714801444043321,0.7576374745417516,1.0,1.0,0.9586776859504132,0.9144542772861357,0.825287356321839,0.6823104693140795
deepjoin-all-mpnet-base-v2-coltotext-colname-stat-col-shuffle-0.4-epochs-10-bs-16-lr-2e-05-wd-0.01-warmup-10000-cosine,0.6380165289256199,0.6967509025270758,0.6660914581535807,0.46879535558780844,0.21673923560716013,0.1439767779390421,0.1105121293800539,0.08821157877761651,0.5397111913357401
starmie-model_sample_row_ordered_frequent_column_0-ft-cosine,0.7818181818181819,0.8537906137184116,0.816220880069025,0.6687116564417178,0.25664621676891614,0.16109235961951518,0.1192459447610697,0.09427207637231504,0.7563176895306859
starmie-model_sample_row_ordered_tfidf_entity_column_0,0.8115702479338843,0.8862815884476535,0.8472821397756687,0.6728395061728395,0.26337448559670784,0.16203703703703703,0.11750440917107584,0.09430727023319616,0.7472924187725631
valentwin-organogram-junior-n-300-hn-10-selective-neg-lr-3e5-bs-512-20240421-euc-cnw-04-euc,0.7983471074380165,0.871841155234657,0.8334771354616048,0.613933236574746,0.24770198355104014,0.15471698113207547,0.113622226829774,0.08917916465086276,0.6949458483754513
