,precision,recall,f1_score,precision_at_10_percent,precision_at_30_percent,precision_at_50_percent,precision_at_70_percent,precision_at_90_percent,recall_at_sizeof_ground_truth
coma_schema_instance,0.8694638694638694,0.6732851985559567,0.7589013224821973,1.0,1.0,0.9586776859504132,0.9144542772861357,0.8256880733944955,0.6841155234657039
deepjoin-all-mpnet-base-v2-coltotext-colname-stat-col-shuffle-0.4-epochs-10-bs-16-lr-2e-05-wd-0.01-warmup-10000-cosine,0.6462809917355372,0.7057761732851986,0.6747195858498706,0.46589259796806964,0.2158760890609874,0.14406041243101947,0.11014312383322962,0.08825427557276541,0.5252707581227437
starmie-model_sample_row_ordered_frequent_column_0-ft-cosine,0.7900826446280992,0.8628158844765343,0.824849007765315,0.6758832565284179,0.2570404505888377,0.1622618315918869,0.11920965971459935,0.0939047293836435,0.7472924187725631
starmie-model_sample_row_ordered_tfidf_entity_column_0-cosine,0.8115702479338843,0.8862815884476535,0.8472821397756687,0.6712962962962963,0.2638888888888889,0.1614695893794381,0.11799735333039259,0.09433962264150944,0.7436823104693141
valentwin-organogram-junior-n-300-hn-10-selective-neg-lr-3e5-bs-512-20240421-euc-cnw-04-euc,0.7966942148760331,0.8700361010830325,0.8317515099223469,0.6197387518142236,0.24818577648766327,0.15471698113207547,0.113622226829774,0.08917916465086276,0.6949458483754513
