,precision,recall,f1_score,precision_at_10_percent,precision_at_30_percent,precision_at_50_percent,precision_at_70_percent,precision_at_90_percent,recall_at_sizeof_ground_truth
coma_schema_instance,0.8691588785046729,0.6714801444043321,0.7576374745417516,1.0,1.0,0.9586776859504132,0.9144542772861357,0.825287356321839,0.6823104693140795
deepjoin-all-mpnet-base-v2-coltotext-colname-stat-col-shuffle-0.4-epochs-10-bs-16-lr-2e-05-wd-0.01-warmup-10000-cosine,0.6396694214876033,0.6985559566787004,0.6678170836928388,0.4716981132075472,0.21673923560716013,0.1443089430894309,0.11035054967848994,0.08824003871592193,0.5379061371841155
starmie-model_sample_row_ordered_frequent_column_0-ft-cosine,0.7669421487603306,0.8375451263537906,0.8006902502157032,0.6753445635528331,0.2554931016862545,0.15915363385464582,0.11848445028471309,0.09403747870528109,0.7509025270758123
starmie-model_sample_row_ordered_tfidf_entity_column_0,0.8115702479338843,0.8862815884476535,0.8472821397756687,0.6728395061728395,0.26337448559670784,0.16203703703703703,0.11750440917107584,0.09430727023319616,0.7472924187725631
valentwin-organogram-junior-n-400-hn-10-selective-neg-lr-3e5-bs-512-20240421-euc-cnw-04-euc,0.743801652892562,0.8122743682310469,0.7765314926660914,0.5703918722786647,0.25350749879051765,0.15761973875181423,0.11445158614969936,0.08934042896307047,0.644404332129964
