,precision,recall,f1_score,precision_at_10_percent,precision_at_30_percent,precision_at_50_percent,precision_at_70_percent,precision_at_90_percent,recall_at_sizeof_ground_truth
coma_schema_instance,0.8671328671328671,0.6714801444043321,0.7568667344862665,1.0,1.0,0.9588477366255144,0.9149560117302052,0.821917808219178,0.6841155234657039
deepjoin-all-mpnet-base-v2-coltotext-colname-stat-col-shuffle-0.4-epochs-10-bs-16-lr-2e-05-wd-0.01-warmup-10000-cosine,0.6413223140495867,0.7003610108303249,0.6695427092320966,0.46008708272859217,0.21722302854378325,0.1440185830429733,0.1099356979879693,0.0884013550572673,0.5234657039711191
starmie-model_sample_row_ordered_frequent_column_0-ft-cosine,0.7702479338842976,0.8411552346570397,0.8041415012942191,0.674347158218126,0.2557662737057919,0.1614887726853276,0.11994727592267135,0.09432672590567327,0.7563176895306859
starmie-model_sample_row_ordered_tfidf_entity_column_0-cosine,0.8115702479338843,0.8862815884476535,0.8472821397756687,0.6712962962962963,0.2638888888888889,0.1614695893794381,0.11799735333039259,0.09433962264150944,0.7436823104693141
valentwin-organogram-junior-n-400-hn-10-selective-neg-lr-3e5-bs-512-20240421-euc-cnw-04-euc,0.743801652892562,0.8122743682310469,0.7765314926660914,0.5689404934687954,0.25350749879051765,0.15761973875181423,0.11445158614969936,0.08934042896307047,0.6425992779783394
