,precision,recall,f1_score,precision_at_10_percent,precision_at_30_percent,precision_at_50_percent,precision_at_70_percent,precision_at_90_percent,recall_at_sizeof_ground_truth
coma_schema_instance,0.8691588785046729,0.6714801444043321,0.7576374745417516,1.0,1.0,0.9586776859504132,0.9144542772861357,0.825287356321839,0.6823104693140795
deepjoin-all-mpnet-base-v2-coltotext-colname-stat-col-shuffle-0.4-epochs-10-bs-16-lr-2e-05-wd-0.01-warmup-10000-cosine,0.6429752066115703,0.7021660649819494,0.6712683347713547,0.46734397677793904,0.21528785679729076,0.14455732946298985,0.1105121293800539,0.0880503144654088,0.5361010830324909
starmie-model_sample_row_ordered_frequent_column_0-ft-cosine,0.771900826446281,0.8429602888086642,0.805867126833477,0.6641337386018237,0.2535496957403651,0.1600243383024034,0.11820947414167753,0.09364435429344152,0.7563176895306859
starmie-model_sample_row_ordered_tfidf_entity_column_0,0.8115702479338843,0.8862815884476535,0.8472821397756687,0.6728395061728395,0.26337448559670784,0.16203703703703703,0.11750440917107584,0.09430727023319616,0.7472924187725631
valentwin-organogram-junior-n-500-hn-10-selective-neg-lr-3e5-bs-512-20240421-euc-cnw-04-euc,0.7652892561983471,0.8357400722021661,0.7989646246764452,0.6124818577648766,0.25157232704402516,0.1555878084179971,0.11279286750984864,0.08934042896307047,0.6696750902527075
