,precision,recall,f1_score,precision_at_10_percent,precision_at_30_percent,precision_at_50_percent,precision_at_70_percent,precision_at_90_percent,recall_at_sizeof_ground_truth
coma_schema_instance,0.8648018648018648,0.6696750902527075,0.7548321464903357,1.0,1.0,0.9588477366255144,0.9149560117302052,0.821917808219178,0.6841155234657039
deepjoin-all-mpnet-base-v2-coltotext-colname-stat-col-shuffle-0.4-epochs-10-bs-16-lr-2e-05-wd-0.01-warmup-10000-cosine,0.6429752066115703,0.7021660649819494,0.6712683347713547,0.46008708272859217,0.216255442670537,0.1445993031358885,0.11014312383322962,0.08824003871592193,0.51985559566787
starmie-model_sample_row_ordered_frequent_column_0-ft-cosine,0.7818181818181819,0.8537906137184116,0.816220880069025,0.6692073170731707,0.25660569105691056,0.16128048780487805,0.11846689895470383,0.09349593495934959,0.7382671480144405
starmie-model_sample_row_ordered_tfidf_entity_column_0-cosine,0.8115702479338843,0.8862815884476535,0.8472821397756687,0.6712962962962963,0.2638888888888889,0.1614695893794381,0.11799735333039259,0.09433962264150944,0.7436823104693141
valentwin-organogram-junior-n-500-hn-10-selective-neg-lr-3e5-bs-512-20240421-euc-cnw-04-euc,0.7669421487603306,0.8375451263537906,0.8006902502157032,0.6124818577648766,0.251088534107402,0.1555878084179971,0.11279286750984864,0.08934042896307047,0.6714801444043321
