,precision,recall,f1_score,precision_at_10_percent,precision_at_30_percent,precision_at_50_percent,precision_at_70_percent,precision_at_90_percent,recall_at_sizeof_ground_truth
alite-bert-base-uncased-l2,0.6071428571428571,0.46195652173913043,0.5246913580246912,0.5777777777777777,0.5639097744360902,0.5675675675675675,0.5755627009646302,0.5889724310776943,0.5815217391304348
alite-sup-simcse-roberta-base-l2,0.8290322580645161,0.6983695652173914,0.7581120943952804,0.7954545454545454,0.7384615384615385,0.7361111111111112,0.7284768211920529,0.7242268041237113,0.720108695652174
deepjoin-all-mpnet-base-v2-coltotext-colname-stat-col-shuffle-0.4-epochs-10-bs-16-lr-2e-05-wd-0.01-warmup-10000,0.806282722513089,0.8369565217391305,0.8213333333333334,0.7634408602150538,0.4019138755980861,0.25699928212491024,0.1882051282051282,0.14678899082568808,0.6630434782608695
deepjoin-sup-simcse-roberta-base-coltotext-colname-col-shuffle-0.0-epochs-1-bs-16-lr-2e-05-wd-0.01-warmup-10000,0.8691099476439791,0.9021739130434783,0.8853333333333334,0.6487455197132617,0.44019138755980863,0.2641780330222541,0.18871794871794872,0.14678899082568808,0.7255434782608695
starmie-model_drop_num_col_random_column_0-ft,0.9424083769633508,0.9782608695652174,0.9600000000000001,0.8937728937728938,0.4467564259485924,0.2701908957415565,0.19297325642370214,0.15014279885760914,0.7744565217391305
starmie-model_sample_row_ordered_frequent_column_0-ft-simcse,0.9057591623036649,0.9402173913043478,0.9226666666666666,0.9309090909090909,0.4193939393939394,0.2596363636363636,0.18857142857142858,0.1486868686868687,0.8233695652173914
starmie-model_sample_row_ordered_frequent_column_0-simcse,0.9136125654450262,0.9483695652173914,0.9306666666666666,0.9350180505415162,0.4209891435464415,0.2614047791455467,0.187693898655636,0.14762670957361224,0.8288043478260869
starmie-model_sample_row_ordered_tfidf_entity_column_0,0.8403141361256544,0.8722826086956522,0.856,0.9712230215827338,0.3872901678657074,0.24964028776978417,0.18448098663926002,0.1466826538768985,0.8288043478260869
valentwin-25ksep11-n-100-hn-10-selective-neg-lr-3e5-bs-512-euc-cnw-04-euc,0.9083769633507853,0.9429347826086957,0.9253333333333333,0.8781362007168458,0.44019138755980863,0.2641780330222541,0.18871794871794872,0.14678899082568808,0.7228260869565217
