,precision,recall,f1_score,precision_at_10_percent,precision_at_30_percent,precision_at_50_percent,precision_at_70_percent,precision_at_90_percent,recall_at_sizeof_ground_truth
coma_schema_instance,0.8627450980392157,0.7333333333333333,0.7927927927927927,1.0,1.0,1.0,0.9838709677419355,0.8671328671328671,0.7333333333333333
deepjoin-all-mpnet-base-v2-coltotext-colname-stat-col-shuffle-0.4-epochs-10-bs-16-lr-2e-05-wd-0.01-warmup-10000-cosine,0.7539267015706806,0.8,0.7762803234501349,0.6875,0.3135755258126195,0.2073170731707317,0.1575649059982095,0.12606232294617564,0.8777777777777778
starmie-model_sample_row_ordered_frequent_column_0-ft-cosine,0.5217391304347826,0.4666666666666667,0.49266862170087977,0.5086705202312138,0.27740492170022374,0.21666666666666667,0.1746192893401015,0.14308681672025725,0.5333333333333333
starmie-model_sample_row_ordered_tfidf_entity_column_0,0.5748502994011976,0.5333333333333333,0.553314121037464,0.5405405405405406,0.2692307692307692,0.20239680426098536,0.1614785992217899,0.13650306748466257,0.6222222222222222
valentwin-chicago_parks-n-200-hn-10-selective-neg-lr-3e5-bs-512-20240421-euc-cnw-04-euc,0.8446601941747572,0.9666666666666667,0.9015544041450777,0.7542372881355932,0.33584905660377357,0.21601941747572814,0.1592128801431127,0.12606232294617564,0.9888888888888889
