,precision,recall,f1_score,precision_at_10_percent,precision_at_30_percent,precision_at_50_percent,precision_at_70_percent,precision_at_90_percent,recall_at_sizeof_ground_truth
coma_schema_instance,0.8627450980392157,0.7333333333333333,0.7927927927927927,1.0,1.0,1.0,0.9838709677419355,0.8671328671328671,0.7333333333333333
deepjoin-all-mpnet-base-v2-coltotext-colname-stat-col-shuffle-0.4-epochs-10-bs-16-lr-2e-05-wd-0.01-warmup-10000-cosine,0.7539267015706806,0.8,0.7762803234501349,0.6933333333333334,0.30710172744721687,0.2116788321167883,0.1592128801431127,0.12606232294617564,0.8777777777777778
starmie-model_sample_row_ordered_frequent_column_0-ft-cosine,0.5308641975308642,0.4777777777777778,0.5029239766081872,0.4942528735632184,0.2993492407809111,0.22100954979536153,0.174,0.14093428345209819,0.5555555555555556
starmie-model_sample_row_ordered_tfidf_entity_column_0-cosine,0.5662650602409639,0.5222222222222223,0.5433526011560694,0.5376344086021505,0.267515923566879,0.20132450331125828,0.16054158607350097,0.13567073170731708,0.6222222222222222
valentwin-chicago_parks-n-400-hn-10-selective-neg-lr-3e5-bs-512-20240421-euc-cnw-04-euc,0.8557692307692307,0.9888888888888889,0.9175257731958762,0.7542372881355932,0.33584905660377357,0.21601941747572814,0.1592128801431127,0.12606232294617564,0.9888888888888889
