,precision,recall,f1_score,precision_at_10_percent,precision_at_30_percent,precision_at_50_percent,precision_at_70_percent,precision_at_90_percent,recall_at_sizeof_ground_truth
alite-bert-base-uncased-l2,0.6666666666666666,0.36363636363636365,0.4705882352941177,0.5,0.5,0.6666666666666666,0.5555555555555556,0.6363636363636364,0.36363636363636365
alite-sup-simcse-roberta-base-l2,0.6666666666666666,0.36363636363636365,0.4705882352941177,0.5,0.5,0.6666666666666666,0.5555555555555556,0.6363636363636364,0.36363636363636365
deepjoin-all-mpnet-base-v2-coltotext-colname-stat-col-shuffle-0.4-epochs-10-bs-16-lr-2e-05-wd-0.01-warmup-10000,0.8461538461538461,1.0,0.9166666666666666,1.0,0.4888888888888889,0.2972972972972973,0.21153846153846154,0.16417910447761194,0.9545454545454546
deepjoin-sup-simcse-roberta-base-coltotext-colname-col-shuffle-0.0-epochs-1-bs-16-lr-2e-05-wd-0.01-warmup-10000,0.8461538461538461,1.0,0.9166666666666666,1.0,0.4888888888888889,0.2972972972972973,0.21153846153846154,0.16417910447761194,0.9090909090909091
starmie-model_drop_num_col_random_column_0-ft,0.6923076923076923,0.8181818181818182,0.7500000000000001,0.8571428571428571,0.42857142857142855,0.3188405797101449,0.22916666666666666,0.1774193548387097,0.5909090909090909
starmie-model_sample_row_ordered_frequent_column_0-ft-simcse,0.6923076923076923,0.8181818181818182,0.7500000000000001,1.0,0.45454545454545453,0.3055555555555556,0.21782178217821782,0.16923076923076924,0.7272727272727273
starmie-model_sample_row_ordered_frequent_column_0-simcse,0.6923076923076923,0.8181818181818182,0.7500000000000001,1.0,0.4318181818181818,0.3055555555555556,0.21782178217821782,0.16923076923076924,0.7272727272727273
starmie-model_sample_row_ordered_tfidf_entity_column_0,0.6923076923076923,0.8181818181818182,0.7500000000000001,1.0,0.4444444444444444,0.2702702702702703,0.20192307692307693,0.16417910447761194,0.8636363636363636
valentwin-cosmetics-n-100-hn-10-selective-neg-lr-3e5-bs-512-euc-cnw-04-euc,0.8461538461538461,1.0,0.9166666666666666,1.0,0.4888888888888889,0.2972972972972973,0.21153846153846154,0.16417910447761194,0.9090909090909091
