,precision,recall,f1_score,precision_at_10_percent,precision_at_30_percent,precision_at_50_percent,precision_at_70_percent,precision_at_90_percent,recall_at_sizeof_ground_truth
alite-bert-base-uncased-l2,0.7386363636363636,0.25691699604743085,0.38123167155425225,0.5454545454545454,0.65625,0.6346153846153846,0.7123287671232876,0.6702127659574468,0.26877470355731226
alite-sup-simcse-roberta-base-l2,0.868421052631579,0.391304347826087,0.5395095367847411,0.625,0.7021276595744681,0.7922077922077922,0.8240740740740741,0.8273381294964028,0.5019762845849802
deepjoin-all-mpnet-base-v2-coltotext-colname-stat-col-shuffle-0.4-epochs-10-bs-16-lr-2e-05-wd-0.01-warmup-10000,0.6966292134831461,0.7351778656126482,0.7153846153846153,0.5238095238095238,0.2493368700265252,0.17754777070063693,0.14098919840818647,0.11145510835913312,0.5217391304347826
deepjoin-sup-simcse-roberta-base-coltotext-colname-col-shuffle-0.0-epochs-1-bs-16-lr-2e-05-wd-0.01-warmup-10000,0.753731343283582,0.7984189723320159,0.7754318618042226,0.6484375,0.29765013054830286,0.1896551724137931,0.13773796192609183,0.1093205574912892,0.6521739130434783
starmie-model_drop_num_col_random_column_0-ft,0.6753731343283582,0.7154150197628458,0.6948176583493283,0.7417840375586855,0.32339089481946626,0.22525918944392084,0.16890982503364738,0.13141361256544504,0.6521739130434783
starmie-model_sample_row_ordered_frequent_column_0-ft-simcse,0.6529850746268657,0.691699604743083,0.6717850287907869,0.7130044843049327,0.3188622754491018,0.210431654676259,0.15606936416184972,0.12437562437562437,0.6640316205533597
starmie-model_sample_row_ordered_frequent_column_0-simcse,0.6567164179104478,0.6956521739130435,0.6756238003838771,0.7111111111111111,0.32689450222882616,0.21122994652406418,0.15531508593252705,0.12431896978702328,0.6798418972332015
starmie-model_sample_row_ordered_tfidf_entity_column_0,0.6529850746268657,0.691699604743083,0.6717850287907869,0.6888888888888889,0.32592592592592595,0.2117437722419929,0.15692503176620076,0.12401185770750989,0.6442687747035574
valentwin-academic_papers-n-100-hn-10-selective-neg-lr-3e5-bs-512-euc-cnw-04-euc,0.8059701492537313,0.8537549407114624,0.8291746641074855,0.83203125,0.3237597911227154,0.19827586206896552,0.14165733482642778,0.11019163763066202,0.8379446640316206
