,precision,recall,f1_score,precision_at_10_percent,precision_at_30_percent,precision_at_50_percent,precision_at_70_percent,precision_at_90_percent,recall_at_sizeof_ground_truth
alite-bert-base-uncased-l2,0.7159533073929961,0.15726495726495726,0.2578836720392432,0.5294117647058824,0.61,0.608433734939759,0.6180257510729614,0.6387959866220736,0.17692307692307693
alite-sup-simcse-roberta-base-l2,0.9927797833935018,0.23504273504273504,0.38009675190048375,0.9333333333333333,0.9666666666666667,0.9664429530201343,0.9567307692307693,0.9552238805970149,0.24188034188034188
deepjoin-all-mpnet-base-v2-coltotext-colname-stat-col-shuffle-0.4-epochs-10-bs-16-lr-2e-05-wd-0.01-warmup-10000,0.6467817896389325,0.7042735042735043,0.6743044189852702,0.5432464454976303,0.2026466521825005,0.13012562218535198,0.0969271141962245,0.07663945219910456,0.6871794871794872
deepjoin-sup-simcse-roberta-base-coltotext-colname-col-shuffle-0.0-epochs-1-bs-16-lr-2e-05-wd-0.01-warmup-10000,0.676078431372549,0.7367521367521368,0.7051124744376278,0.5502364066193853,0.22064617809298662,0.13817966903073287,0.09878419452887538,0.0768321513002364,0.6794871794871795
starmie-model_drop_num_col_random_column_0-ft,0.6044129235618597,0.6555555555555556,0.6289462894628947,0.6224406224406225,0.26863226863226863,0.17477477477477477,0.12916812916812917,0.10273910273910274,0.6401709401709401
starmie-model_sample_row_ordered_frequent_column_0-ft-simcse,0.5517786561264822,0.5965811965811966,0.5733059548254621,0.5624521072796935,0.2411854879918242,0.15759619806837344,0.1168418747262374,0.09411464100161826,0.6
starmie-model_sample_row_ordered_frequent_column_0-simcse,0.5607255520504731,0.6076923076923076,0.583264971287941,0.5591805766312595,0.2405767771312927,0.1557377049180328,0.11590588745527486,0.09259571597233934,0.6042735042735042
starmie-model_sample_row_ordered_tfidf_entity_column_0,0.568503937007874,0.6170940170940171,0.5918032786885246,0.549963530269876,0.24240213955750062,0.15436241610738255,0.11516414799374675,0.09289130258571776,0.6051282051282051
valentwin-books-n-100-hn-10-selective-neg-lr-3e5-bs-512-euc-cnw-04-euc,0.6894117647058824,0.7512820512820513,0.7190184049079754,0.6430260047281324,0.22754137115839243,0.13699763593380615,0.09819317798041202,0.0768321513002364,0.8376068376068376
