,precision,recall,f1_score,precision_at_10_percent,precision_at_30_percent,precision_at_50_percent,precision_at_70_percent,precision_at_90_percent,recall_at_sizeof_ground_truth
valentwin-movies-n-100-hn-10-selective-neg-lr-3e5-bs-512-euc-cnw-04-euc,0.7954887218045112,0.7990936555891238,0.7972871137905049,0.6432009626955475,0.24829522663457682,0.15501263689974726,0.11305020632737277,0.08852634394223054,0.7122356495468278
valentwin-movies-n-100-hn-10-selective-neginter-lr-3e5-bs-512-euc-cnw-04-euc,0.7436090225563909,0.7469788519637462,0.7452901281085155,0.5469314079422383,0.2190132370637786,0.14514381995426645,0.10986932599724897,0.08825889275207274,0.6404833836858006
valentwin-movies-n-100-hn-10-selective-noneg-lr-3e5-bs-512-euc-cnw-04-euc,0.7902255639097744,0.7938066465256798,0.7920120572720423,0.6371841155234657,0.25872442839951865,0.15754001684919966,0.11382393397524071,0.08852634394223054,0.7122356495468278
