,precision,recall,f1_score,precision_at_10_percent,precision_at_30_percent,precision_at_50_percent,precision_at_70_percent,precision_at_90_percent,recall_at_sizeof_ground_truth
alite-bert-base-uncased-l2,0.9894736842105263,0.5222222222222223,0.6836363636363638,1.0,1.0,1.0,1.0,1.0,0.5222222222222223
alite-sup-simcse-roberta-base-l2,0.9928057553956835,0.7666666666666667,0.8652037617554861,1.0,1.0,1.0,1.0,1.0,0.7666666666666667
deepjoin-all-mpnet-base-v2-coltotext-colname-stat-col-shuffle-0.4-epochs-10-bs-16-lr-2e-05-wd-0.01-warmup-10000,0.7539267015706806,0.8,0.7762803234501349,0.6875,0.3135755258126195,0.2073170731707317,0.1575649059982095,0.12606232294617564,0.8777777777777778
deepjoin-sup-simcse-roberta-base-coltotext-colname-col-shuffle-0.0-epochs-1-bs-16-lr-2e-05-wd-0.01-warmup-10000,0.797979797979798,0.8777777777777778,0.835978835978836,0.6991150442477876,0.3135755258126195,0.20512820512820512,0.1575649059982095,0.12606232294617564,0.8777777777777778
starmie-model_drop_num_col_random_column_0-ft,0.7918781725888325,0.8666666666666667,0.8275862068965516,0.7452830188679245,0.34237995824634654,0.22788203753351208,0.1755424063116371,0.13928012519561817,0.8777777777777778
starmie-model_sample_row_ordered_frequent_column_0-ft-simcse,0.632183908045977,0.6111111111111112,0.6214689265536724,0.5824175824175825,0.3217391304347826,0.22160664819944598,0.17276422764227642,0.1429718875502008,0.6444444444444445
starmie-model_sample_row_ordered_frequent_column_0-simcse,0.655367231638418,0.6444444444444445,0.649859943977591,0.6170212765957447,0.3275862068965517,0.22038567493112948,0.1680161943319838,0.1392,0.6555555555555556
starmie-model_sample_row_ordered_tfidf_entity_column_0,0.5748502994011976,0.5333333333333333,0.553314121037464,0.5405405405405406,0.2692307692307692,0.20239680426098536,0.1614785992217899,0.13650306748466257,0.6222222222222222
valentwin-chicago_parks-n-100-hn-10-selective-neg-lr-3e5-bs-512-euc-cnw-04-euc,0.8446601941747572,0.9666666666666667,0.9015544041450777,0.7542372881355932,0.33584905660377357,0.21601941747572814,0.1592128801431127,0.12606232294617564,0.9888888888888889
