,precision,recall,f1_score,precision_at_10_percent,precision_at_30_percent,precision_at_50_percent,precision_at_70_percent,precision_at_90_percent,recall_at_sizeof_ground_truth
coma_schema_instance,0.9508021390374332,0.8370998116760828,0.8903355032548822,1.0,1.0,0.9807692307692307,0.9817073170731707,0.9561091340450771,0.8380414312617702
deepjoin-all-mpnet-base-v2-coltotext-colname-stat-col-shuffle-0.4-epochs-10-bs-16-lr-2e-05-wd-0.01-warmup-10000-cosine,0.8295557570262919,0.8615819209039548,0.8452655889145496,0.39025460930640915,0.1482728337236534,0.09177937818373441,0.06605608180164356,0.05181751646743108,0.7090395480225988
starmie-model_sample_row_ordered_frequent_column_0-ft-cosine,0.9202175883952856,0.955743879472693,0.9376443418013857,0.47712717291857276,0.16198901769371568,0.09719934102141681,0.0694253775250049,0.05399908476127523,0.891713747645951
starmie-model_sample_row_ordered_tfidf_entity_column_0-cosine,0.9093381686310064,0.9444444444444444,0.9265588914549654,0.4851024208566108,0.16418373680943513,0.0988918893751746,0.07063988293202075,0.05494050698396275,0.8681732580037664
valentwin-stockport_contracts-n-100-hn-10-selective-neg-lr-3e5-bs-512-20240421-euc-cnw-04-euc,0.8939256572982774,0.928436911487759,0.9108545034642032,0.4384042086804033,0.15521777258111663,0.0931333859510655,0.06652468053119519,0.05174177831912302,0.7175141242937854
