,precision,recall,f1_score,precision_at_10_percent,precision_at_30_percent,precision_at_50_percent,precision_at_70_percent,precision_at_90_percent,recall_at_sizeof_ground_truth
coma_schema_instance,0.9496248660235799,0.8342749529190208,0.8882205513784461,1.0,0.99644128113879,0.9829059829059829,0.981679389312977,0.9560570071258907,0.8361581920903954
deepjoin-all-mpnet-base-v2-coltotext-colname-stat-col-shuffle-0.4-epochs-10-bs-16-lr-2e-05-wd-0.01-warmup-10000-cosine,0.8322756119673618,0.864406779661017,0.8480369515011549,0.38360368259535294,0.1471791873721134,0.09146715776550031,0.06558506639939865,0.05174177831912302,0.7109227871939736
starmie-model_sample_row_ordered_frequent_column_0-ft-cosine,0.9111514052583862,0.9463276836158192,0.9284064665127021,0.4807162534435262,0.1625593142507271,0.09753857457751654,0.06967132454241291,0.054189202979895906,0.8898305084745762
starmie-model_sample_row_ordered_tfidf_entity_column_0-cosine,0.9138712601994561,0.9491525423728814,0.9311778290993071,0.48393106660456453,0.16441546343735444,0.09892873777363763,0.07066338412402688,0.05496040987424313,0.876647834274953
valentwin-stockport_contracts-n-100-hn-10-selective-neg-lr-3e5-bs-512-20240421-euc-cnw-04-euc,0.8939256572982774,0.928436911487759,0.9108545034642032,0.4384042086804033,0.15521777258111663,0.0931333859510655,0.06652468053119519,0.05174177831912302,0.7175141242937854
