,precision,recall,f1_score,precision_at_10_percent,precision_at_30_percent,precision_at_50_percent,precision_at_70_percent,precision_at_90_percent,recall_at_sizeof_ground_truth
coma_schema_instance,0.9496248660235799,0.8342749529190208,0.8882205513784461,1.0,1.0,0.9807280513918629,0.981651376146789,0.9560047562425684,0.835216572504708
deepjoin-all-mpnet-base-v2-coltotext-colname-stat-col-shuffle-0.4-epochs-10-bs-16-lr-2e-05-wd-0.01-warmup-10000-cosine,0.8259292837715322,0.8578154425612052,0.8415704387990762,0.3849188952213941,0.14644840689856767,0.09129977196982986,0.06558917496711145,0.051744299356850515,0.6977401129943502
starmie-model_sample_row_ordered_frequent_column_0-ft-cosine,0.9120580235720761,0.9472693032015066,0.9293302540415703,0.4804956402019275,0.16245984396512161,0.09747590637907297,0.06962564741362355,0.05415328132170721,0.8870056497175142
starmie-model_sample_row_ordered_tfidf_entity_column_0-cosine,0.9111514052583862,0.9463276836158192,0.9284064665127021,0.4857808857808858,0.16446448002487177,0.09905792370114729,0.07075754547271637,0.05503446131523035,0.8728813559322034
valentwin-stockport_contracts-n-100-hn-10-selective-neg-lr-3e5-bs-512-20240421-euc-cnw-04-euc,0.8939256572982774,0.928436911487759,0.9108545034642032,0.4384042086804033,0.15521777258111663,0.0931333859510655,0.06652468053119519,0.05174177831912302,0.7175141242937854
