,precision,recall,f1_score,precision_at_10_percent,precision_at_30_percent,precision_at_50_percent,precision_at_70_percent,precision_at_90_percent,recall_at_sizeof_ground_truth
coma_schema_instance,0.9481081081081081,0.8258003766478342,0.882737795671867,1.0,0.9964028776978417,0.980561555075594,0.9815100154083205,0.9568345323741008,0.8267419962335216
deepjoin-all-mpnet-base-v2-coltotext-colname-stat-col-shuffle-0.4-epochs-10-bs-16-lr-2e-05-wd-0.01-warmup-10000-cosine,0.8359020852221215,0.8681732580037664,0.8517321016166282,0.3797190517998244,0.14651639344262296,0.09168349872661807,0.06567557395558901,0.05181498829039813,0.7033898305084746
starmie-model_sample_row_ordered_frequent_column_0-ft-cosine,0.915684496826836,0.9510357815442562,0.9330254041570439,0.48480662983425415,0.16303346638010438,0.09782608695652174,0.0698776154757205,0.05435005117707267,0.8973634651600754
starmie-model_sample_row_ordered_tfidf_entity_column_0-cosine,0.9129646418857661,0.948210922787194,0.9302540415704387,0.48438228438228437,0.16425796425796427,0.0990302126072361,0.07073398161715733,0.05501450476585164,0.8738229755178908
valentwin-stockport_contracts-n-100-hn-10-selective-neg-lr-3e5-bs-512-20240421-euc-cnw-04-euc,0.8975521305530372,0.9322033898305084,0.9145496535796767,0.43796580447172295,0.15521777258111663,0.0931333859510655,0.06652468053119519,0.05174177831912302,0.7175141242937854
