,precision,recall,f1_score,precision_at_10_percent,precision_at_30_percent,precision_at_50_percent,precision_at_70_percent,precision_at_90_percent,recall_at_sizeof_ground_truth
coma_schema_instance,0.9488574537540805,0.8210922787193974,0.8803634528016153,1.0,0.9927797833935018,0.9761388286334056,0.9798761609907121,0.9554216867469879,0.8229755178907722
deepjoin-deepjoin-all-mpnet-base-v2-coltotext-colname-stat-col-shuffle-0.4-epochs-10-bs-16-lr-2e-05-wd-0.01-warmup-10000,0.8322756119673618,0.864406779661017,0.8480369515011549,0.39508340649692714,0.14779045946736905,0.0913081650570676,0.06584723441615452,0.05170227294898059,0.7410546139359698
starmie-model_drop_num_col_random_column_0-ft,0.8830462375339981,0.9171374764595104,0.8997690531177829,0.4997566909975669,0.17226277372262774,0.10335766423357665,0.07382690302398331,0.05742092457420925,0.7994350282485876
starmie-model_sample_row_ordered_tfidf_entity_column_0,0.9111514052583862,0.9463276836158192,0.9284064665127021,0.48783910196445274,0.16450958989552472,0.09936377245508982,0.07097032878909383,0.05520037423982536,0.8832391713747646
valentwin-stockport_contracts-n-100-hn-10-selective-neg-lr-3e5-bs-512-20240421-euc-cnw-04-euc,0.8921124206708976,0.9265536723163842,0.9090069284064665,0.43796580447172295,0.15521777258111663,0.0931333859510655,0.06652468053119519,0.05174177831912302,0.716572504708098
