,precision,recall,f1_score,precision_at_10_percent,precision_at_30_percent,precision_at_50_percent,precision_at_70_percent,precision_at_90_percent,recall_at_sizeof_ground_truth
coma_schema_instance,0.9488574537540805,0.8210922787193974,0.8803634528016153,1.0,0.9927797833935018,0.9761388286334056,0.9798761609907121,0.9554216867469879,0.8229755178907722
deepjoin-all-mpnet-base-v2-coltotext-colname-stat-col-shuffle-0.4-epochs-10-bs-16-lr-2e-05-wd-0.01-warmup-10000-cosine,0.8304623753399819,0.8625235404896422,0.8461893764434181,0.3826239578762615,0.14789350497366882,0.0918188202247191,0.06614834785879993,0.05178972008192724,0.7071563088512242
starmie-model_sample_row_ordered_frequent_column_0-ft-cosine,0.914777878513146,0.9500941619585688,0.9321016166281756,0.4834406623735051,0.1628834355828221,0.097736057426836,0.06981330528530108,0.05430003067798343,0.8926553672316384
starmie-model_sample_row_ordered_tfidf_entity_column_0,0.9111514052583862,0.9463276836158192,0.9284064665127021,0.48783910196445274,0.16450958989552472,0.09936377245508982,0.07097032878909383,0.05520037423982536,0.8832391713747646
valentwin-stockport_contracts-n-200-hn-10-selective-neg-lr-3e5-bs-512-20240421-euc-cnw-04-euc,0.900271985494107,0.9350282485875706,0.9173210161662818,0.44322665497588776,0.15521777258111663,0.0931333859510655,0.06652468053119519,0.05174177831912302,0.7551789077212806
