,precision,recall,f1_score,precision_at_10_percent,precision_at_30_percent,precision_at_50_percent,precision_at_70_percent,precision_at_90_percent,recall_at_sizeof_ground_truth
coma_schema_instance,0.9481081081081081,0.8258003766478342,0.882737795671867,1.0,0.9964028776978417,0.980561555075594,0.9815100154083205,0.9568345323741008,0.8267419962335216
deepjoin-all-mpnet-base-v2-coltotext-colname-stat-col-shuffle-0.4-epochs-10-bs-16-lr-2e-05-wd-0.01-warmup-10000-cosine,0.8349954669084315,0.867231638418079,0.8508083140877598,0.38333333333333336,0.14914461178534874,0.09185822074048079,0.06579771901240757,0.051761953501973976,0.7109227871939736
starmie-model_sample_row_ordered_frequent_column_0-ft-cosine,0.9174977334542158,0.9529190207156308,0.9348729792147805,0.4782010096374484,0.16250956388676358,0.09750275431509364,0.06964391107613614,0.054169854628921196,0.8945386064030132
starmie-model_sample_row_ordered_tfidf_entity_column_0-cosine,0.9129646418857661,0.948210922787194,0.9302540415704387,0.48438228438228437,0.16425796425796427,0.0990302126072361,0.07073398161715733,0.05501450476585164,0.8738229755178908
valentwin-stockport_contracts-n-200-hn-10-selective-neg-lr-3e5-bs-512-20240421-euc-cnw-04-euc,0.9038984587488668,0.9387947269303202,0.9210161662817553,0.44322665497588776,0.15521777258111663,0.0931333859510655,0.06652468053119519,0.05174177831912302,0.7551789077212806
