,precision,recall,f1_score,precision_at_10_percent,precision_at_30_percent,precision_at_50_percent,precision_at_70_percent,precision_at_90_percent,recall_at_sizeof_ground_truth
coma_schema_instance,0.9488574537540805,0.8210922787193974,0.8803634528016153,1.0,0.9927797833935018,0.9761388286334056,0.9798761609907121,0.9554216867469879,0.8229755178907722
deepjoin-all-mpnet-base-v2-coltotext-colname-stat-col-shuffle-0.4-epochs-10-bs-16-lr-2e-05-wd-0.01-warmup-10000-cosine,0.8467815049864007,0.879472693032015,0.8628175519630483,0.38745063624396664,0.14874945151382185,0.09161913119789382,0.06600639378173384,0.051777095217200524,0.7015065913370998
starmie-model_sample_row_ordered_frequent_column_0-ft-cosine,0.9202175883952856,0.955743879472693,0.9376443418013857,0.48044178554993094,0.16280497161270524,0.09778105146855723,0.0698454455771128,0.05432502941326922,0.896421845574388
starmie-model_sample_row_ordered_tfidf_entity_column_0,0.9111514052583862,0.9463276836158192,0.9284064665127021,0.48783910196445274,0.16450958989552472,0.09936377245508982,0.07097032878909383,0.05520037423982536,0.8832391713747646
valentwin-stockport_contracts-n-300-hn-10-selective-neg-lr-3e5-bs-512-20240421-euc-cnw-04-euc,0.8912058023572076,0.9256120527306968,0.9080831408775981,0.4300745287154757,0.15463314820228002,0.0931333859510655,0.06652468053119519,0.05174177831912302,0.7033898305084746
