,precision,recall,f1_score,precision_at_10_percent,precision_at_30_percent,precision_at_50_percent,precision_at_70_percent,precision_at_90_percent,recall_at_sizeof_ground_truth
coma_schema_instance,0.9496248660235799,0.8342749529190208,0.8882205513784461,1.0,0.99644128113879,0.9829059829059829,0.981679389312977,0.9560570071258907,0.8361581920903954
deepjoin-all-mpnet-base-v2-coltotext-colname-stat-col-shuffle-0.4-epochs-10-bs-16-lr-2e-05-wd-0.01-warmup-10000-cosine,0.8322756119673618,0.864406779661017,0.8480369515011549,0.3827268741779921,0.14849459222449576,0.09165058761620769,0.0659023992983775,0.051744299356850515,0.7033898305084746
starmie-model_sample_row_ordered_frequent_column_0-ft-cosine,0.9193109700815957,0.9548022598870056,0.9367205542725172,0.4781206817134961,0.1630584983878397,0.09783509903270382,0.06988221359478844,0.05435283279594657,0.8879472693032016
starmie-model_sample_row_ordered_tfidf_entity_column_0-cosine,0.9138712601994561,0.9491525423728814,0.9311778290993071,0.48393106660456453,0.16441546343735444,0.09892873777363763,0.07066338412402688,0.05496040987424313,0.876647834274953
valentwin-stockport_contracts-n-300-hn-10-selective-neg-lr-3e5-bs-512-20240421-euc-cnw-04-euc,0.8966455122393472,0.931261770244821,0.9136258660508082,0.43051293292415604,0.1547793042969892,0.0931333859510655,0.06652468053119519,0.05174177831912302,0.7071563088512242
