,precision,recall,f1_score,precision_at_10_percent,precision_at_30_percent,precision_at_50_percent,precision_at_70_percent,precision_at_90_percent,recall_at_sizeof_ground_truth
coma_schema_instance,0.9488574537540805,0.8210922787193974,0.8803634528016153,1.0,0.9927797833935018,0.9761388286334056,0.9798761609907121,0.9554216867469879,0.8229755178907722
deepjoin-all-mpnet-base-v2-coltotext-colname-stat-col-shuffle-0.4-epochs-10-bs-16-lr-2e-05-wd-0.01-warmup-10000-cosine,0.8631006346328196,0.896421845574388,0.879445727482679,0.3986842105263158,0.15087719298245614,0.09157894736842105,0.06610275689223058,0.05175438596491228,0.7128060263653484
starmie-model_sample_row_ordered_frequent_column_0-ft-cosine,0.9184043517679057,0.9538606403013182,0.9357967667436489,0.47937671860678277,0.16226126814362107,0.09735973597359736,0.06954357933337699,0.05408984414790669,0.8954802259887006
starmie-model_sample_row_ordered_tfidf_entity_column_0,0.9111514052583862,0.9463276836158192,0.9284064665127021,0.48783910196445274,0.16450958989552472,0.09936377245508982,0.07097032878909383,0.05520037423982536,0.8832391713747646
valentwin-stockport_contracts-n-400-hn-10-selective-neg-lr-3e5-bs-512-20240421-euc-cnw-04-euc,0.8902991840435177,0.9246704331450094,0.9071593533487299,0.42525208241999124,0.15521777258111663,0.0931333859510655,0.06652468053119519,0.05174177831912302,0.716572504708098
