,precision,recall,f1_score,precision_at_10_percent,precision_at_30_percent,precision_at_50_percent,precision_at_70_percent,precision_at_90_percent,recall_at_sizeof_ground_truth
coma_schema_instance,0.9496248660235799,0.8342749529190208,0.8882205513784461,1.0,1.0,0.9807280513918629,0.981651376146789,0.9560047562425684,0.835216572504708
deepjoin-all-mpnet-base-v2-coltotext-colname-stat-col-shuffle-0.4-epochs-10-bs-16-lr-2e-05-wd-0.01-warmup-10000-cosine,0.8304623753399819,0.8625235404896422,0.8461893764434181,0.3827268741779921,0.14820228003507746,0.0912120680582354,0.06558917496711145,0.05169557591112844,0.7062146892655368
starmie-model_sample_row_ordered_frequent_column_0-ft-cosine,0.9193109700815957,0.9548022598870056,0.9367205542725172,0.4856746765249538,0.16363636363636364,0.0981878698224852,0.07013141385458628,0.05454825620216755,0.891713747645951
starmie-model_sample_row_ordered_tfidf_entity_column_0-cosine,0.9111514052583862,0.9463276836158192,0.9284064665127021,0.4857808857808858,0.16446448002487177,0.09905792370114729,0.07075754547271637,0.05503446131523035,0.8728813559322034
valentwin-stockport_contracts-n-400-hn-10-selective-neg-lr-3e5-bs-512-20240421-euc-cnw-04-euc,0.8921124206708976,0.9265536723163842,0.9090069284064665,0.42612889083735206,0.15521777258111663,0.0931333859510655,0.06652468053119519,0.05174177831912302,0.7146892655367232
