,precision,recall,f1_score,precision_at_10_percent,precision_at_30_percent,precision_at_50_percent,precision_at_70_percent,precision_at_90_percent,recall_at_sizeof_ground_truth
coma_schema_instance,0.9488574537540805,0.8210922787193974,0.8803634528016153,1.0,0.9927797833935018,0.9761388286334056,0.9798761609907121,0.9554216867469879,0.8229755178907722
deepjoin-all-mpnet-base-v2-coltotext-colname-stat-col-shuffle-0.4-epochs-10-bs-16-lr-2e-05-wd-0.01-warmup-10000-cosine,0.8295557570262919,0.8615819209039548,0.8452655889145496,0.38404208680403334,0.14705452419236953,0.09068584458866866,0.0659023992983775,0.05174682064025727,0.7080979284369114
starmie-model_sample_row_ordered_frequent_column_0-ft-cosine,0.915684496826836,0.9510357815442562,0.9330254041570439,0.47522935779816516,0.16228204343836036,0.0974669603524229,0.0696165191740413,0.05414775913934635,0.8935969868173258
starmie-model_sample_row_ordered_tfidf_entity_column_0,0.9111514052583862,0.9463276836158192,0.9284064665127021,0.48783910196445274,0.16450958989552472,0.09936377245508982,0.07097032878909383,0.05520037423982536,0.8832391713747646
valentwin-stockport_contracts-n-500-hn-10-selective-neg-lr-3e5-bs-512-20240421-euc-cnw-04-euc,0.8785131459655485,0.9124293785310734,0.8951501154734411,0.42525208241999124,0.1544869921075709,0.0931333859510655,0.06652468053119519,0.05174177831912302,0.6864406779661016
