,precision,recall,f1_score,precision_at_10_percent,precision_at_30_percent,precision_at_50_percent,precision_at_70_percent,precision_at_90_percent,recall_at_sizeof_ground_truth
coma_schema_instance,0.9508021390374332,0.8370998116760828,0.8903355032548822,1.0,1.0,0.9807692307692307,0.9817073170731707,0.9561091340450771,0.8380414312617702
deepjoin-all-mpnet-base-v2-coltotext-colname-stat-col-shuffle-0.4-epochs-10-bs-16-lr-2e-05-wd-0.01-warmup-10000-cosine,0.8331822302810517,0.8653483992467044,0.8489607390300231,0.3831652783866725,0.14807776640841983,0.09138747588142432,0.06565181983336466,0.05174682064025727,0.704331450094162
starmie-model_sample_row_ordered_frequent_column_0-ft-cosine,0.9256572982774252,0.9613935969868174,0.9431870669745958,0.47680293982544786,0.16260909508497934,0.09757442116868799,0.06969875959834614,0.054208565157470266,0.8983050847457628
starmie-model_sample_row_ordered_tfidf_entity_column_0-cosine,0.9093381686310064,0.9444444444444444,0.9265588914549654,0.4851024208566108,0.16418373680943513,0.0988918893751746,0.07063988293202075,0.05494050698396275,0.8681732580037664
valentwin-stockport_contracts-n-500-hn-10-selective-neg-lr-3e5-bs-512-20240421-euc-cnw-04-euc,0.8776065276518585,0.911487758945386,0.8942263279445727,0.4270056992547128,0.15463314820228002,0.0931333859510655,0.06652468053119519,0.05174177831912302,0.687382297551789
