,precision,recall,f1_score,precision_at_10_percent,precision_at_30_percent,precision_at_50_percent,precision_at_70_percent,precision_at_90_percent,recall_at_sizeof_ground_truth
alite-bert-base-uncased-l2,1.0,0.5660377358490566,0.7228915662650602,1.0,1.0,1.0,1.0,1.0,0.5660377358490566
deepjoin-all-mpnet-base-v2-coltotext-colname-stat-col-shuffle-0.4-epochs-10-bs-16-lr-2e-05-wd-0.01-warmup-10000,0.832,0.9811320754716981,0.9004329004329003,0.9081632653061225,0.35034013605442177,0.2163265306122449,0.15451895043731778,0.12018140589569161,0.8867924528301887
deepjoin-sup-simcse-roberta-base-coltotext-colname-col-shuffle-0.0-epochs-1-bs-16-lr-2e-05-wd-0.01-warmup-10000,0.848,1.0,0.9177489177489178,1.0,0.36054421768707484,0.2163265306122449,0.15451895043731778,0.12018140589569161,1.0
starmie-model_drop_num_col_random_column_0-ft,0.8,0.9433962264150944,0.8658008658008658,0.9230769230769231,0.3897058823529412,0.23399558498896247,0.16692913385826771,0.12990196078431374,0.8584905660377359
starmie-model_sample_row_ordered_frequent_column_0-ft-simcse,0.664,0.7830188679245284,0.7186147186147186,0.7263157894736842,0.3333333333333333,0.20421052631578948,0.15037593984962405,0.12280701754385964,0.660377358490566
starmie-model_sample_row_ordered_frequent_column_0-simcse,0.64,0.7547169811320755,0.6926406926406927,0.71875,0.3321678321678322,0.20588235294117646,0.15165165165165165,0.12032710280373832,0.6981132075471698
starmie-model_sample_row_ordered_tfidf_entity_column_0,0.696,0.8207547169811321,0.7532467532467533,0.7659574468085106,0.325,0.21030042918454936,0.1579754601226994,0.12649164677804295,0.7075471698113207
valentwin-1009ipopayments-n-100-hn-10-selective-neg-lr-3e5-bs-512-euc-cnw-04-euc,0.848,1.0,0.9177489177489178,1.0,0.36054421768707484,0.2163265306122449,0.15451895043731778,0.12018140589569161,1.0
