,precision,recall,f1_score,precision_at_10_percent,precision_at_30_percent,precision_at_50_percent,precision_at_70_percent,precision_at_90_percent,recall_at_sizeof_ground_truth
alite-bert-base-uncased-l2,0.8311688311688312,0.165374677002584,0.27586206896551724,0.7777777777777778,0.7407407407407407,0.7272727272727273,0.7419354838709677,0.7875,0.1834625322997416
alite-sup-simcse-roberta-base-l2,0.967479674796748,0.30749354005167956,0.4666666666666666,1.0,0.975609756097561,0.9552238805970149,0.9680851063829787,0.9669421487603306,0.3359173126614987
deepjoin-all-mpnet-base-v2-coltotext-colname-stat-col-shuffle-0.4-epochs-10-bs-16-lr-2e-05-wd-0.01-warmup-10000,0.8040540540540541,0.9224806201550387,0.8592057761732852,0.6819012797074955,0.23461304082876294,0.14149908592321755,0.1010707756594411,0.07861060329067641,0.9147286821705426
deepjoin-sup-simcse-roberta-base-coltotext-colname-col-shuffle-0.0-epochs-1-bs-16-lr-2e-05-wd-0.01-warmup-10000,0.7364864864864865,0.8449612403100775,0.7870036101083032,0.5941499085923218,0.2315661182205972,0.13930530164533822,0.10054844606946983,0.0784074751167987,0.7312661498708011
starmie-model_drop_num_col_random_column_0-ft,0.6591422121896162,0.7545219638242894,0.7036144578313253,0.5947867298578199,0.2685624012638231,0.17354196301564723,0.12698950220115138,0.10007900974453517,0.6356589147286822
starmie-model_sample_row_ordered_frequent_column_0-ft-simcse,0.6085972850678733,0.6950904392764858,0.6489746682750301,0.5666666666666667,0.24166666666666667,0.15172988745310545,0.11107802263251935,0.08846688281611857,0.6434108527131783
starmie-model_sample_row_ordered_frequent_column_0-simcse,0.6493212669683258,0.7416020671834626,0.6924004825090471,0.5790554414784395,0.24400274160383825,0.15055532702591526,0.11166617690273288,0.088,0.6692506459948321
starmie-model_sample_row_ordered_tfidf_entity_column_0,0.5968468468468469,0.6847545219638242,0.6377858002406739,0.5734989648033126,0.24033149171270718,0.15292167426440115,0.11071640023682652,0.08749712180520378,0.6640826873385013
valentwin-restaurants-n-100-hn-10-selective-neg-lr-3e5-bs-512-20240421-euc-cnw-04-euc,0.7342342342342343,0.8423772609819121,0.7845968712394705,0.6288848263254113,0.22120658135283364,0.13455210237659965,0.09924262209454165,0.07861060329067641,0.8423772609819121
