,precision,recall,f1_score,precision_at_10_percent,precision_at_30_percent,precision_at_50_percent,precision_at_70_percent,precision_at_90_percent,recall_at_sizeof_ground_truth
coma_schema_instance,0.905982905982906,0.6503067484662577,0.7571428571428571,1.0,0.9882352941176471,0.9929577464788732,0.9748743718592965,0.8274509803921568,0.6687116564417178
deepjoin-all-mpnet-base-v2-coltotext-colname-stat-col-shuffle-0.4-epochs-10-bs-16-lr-2e-05-wd-0.01-warmup-10000-cosine,0.6463768115942029,0.6840490797546013,0.6646795827123697,0.13774834437086092,0.052771031132700374,0.03749337572866985,0.029904419418945775,0.023995289268364493,0.4662576687116564
starmie-model_sample_row_ordered_frequent_column_0-ft-cosine,0.6144927536231884,0.6503067484662577,0.631892697466468,0.26239067055393583,0.10207388204795852,0.0632049786075457,0.04528406723155994,0.03522039757994814,0.50920245398773
starmie-model_sample_row_ordered_tfidf_entity_column_0-cosine,0.6492753623188405,0.6871165644171779,0.6676602086438151,0.255378858746492,0.0967238689547582,0.0599138738064033,0.04360037448174402,0.03391241027774888,0.5460122699386503
valentwin-school_report-n-100-hn-10-selective-neg-lr-3e5-bs-512-20240421-euc-cnw-04-euc,0.6869565217391305,0.7269938650306749,0.7064083457526081,0.16821192052980133,0.07109737248840804,0.04266030736618972,0.030566859089618623,0.023995289268364493,0.50920245398773
