,precision,recall,f1_score,precision_at_10_percent,precision_at_30_percent,precision_at_50_percent,precision_at_70_percent,precision_at_90_percent,recall_at_sizeof_ground_truth
coma_schema_instance,0.9017094017094017,0.647239263803681,0.7535714285714287,1.0,0.9882352941176471,0.9929577464788732,0.9748743718592965,0.8235294117647058,0.6687116564417178
deepjoin-all-mpnet-base-v2-coltotext-colname-stat-col-shuffle-0.4-epochs-10-bs-16-lr-2e-05-wd-0.01-warmup-10000-cosine,0.6434782608695652,0.6809815950920245,0.6616989567809239,0.13841059602649006,0.05365422830646942,0.03762586115527292,0.029809785180278225,0.023995289268364493,0.48466257668711654
starmie-model_sample_row_ordered_frequent_column_0-ft-cosine,0.6144927536231884,0.6503067484662577,0.631892697466468,0.2627450980392157,0.10431654676258993,0.06357927786499215,0.0455564900476591,0.03554295682511993,0.5245398773006135
starmie-model_sample_row_ordered_tfidf_entity_column_0-cosine,0.6405797101449275,0.6779141104294478,0.6587183308494784,0.25631431244153413,0.09700561447286338,0.05989144675276062,0.04357706189012164,0.03389478061967145,0.549079754601227
valentwin-school_report-n-100-hn-10-selective-neg-lr-3e5-bs-512-20240421-euc-cnw-04-euc,0.6956521739130435,0.7361963190184049,0.7153502235469448,0.16821192052980133,0.07109737248840804,0.04266030736618972,0.030566859089618623,0.023995289268364493,0.50920245398773
