,precision,recall,f1_score,precision_at_10_percent,precision_at_30_percent,precision_at_50_percent,precision_at_70_percent,precision_at_90_percent,recall_at_sizeof_ground_truth
coma_schema_instance,0.905982905982906,0.6503067484662577,0.7571428571428571,1.0,0.9883720930232558,0.9929577464788732,0.9748743718592965,0.82421875,0.6687116564417178
deepjoin-all-mpnet-base-v2-coltotext-colname-stat-col-shuffle-0.4-epochs-10-bs-16-lr-2e-05-wd-0.01-warmup-10000-cosine,0.6434782608695652,0.6809815950920245,0.6616989567809239,0.1390728476821192,0.055199823360565246,0.037890832008479064,0.029809785180278225,0.023995289268364493,0.48773006134969327
starmie-model_sample_row_ordered_frequent_column_0-ft-cosine,0.6202898550724638,0.656441717791411,0.6378539493293591,0.2628458498023715,0.10408432147562582,0.06404427752520261,0.04603219429539678,0.035800571052053594,0.5521472392638037
starmie-model_sample_row_ordered_tfidf_entity_column_0-cosine,0.6376811594202898,0.6748466257668712,0.6557377049180327,0.2518248175182482,0.09397810218978102,0.058394160583941604,0.04249217935349322,0.033049472830494725,0.5613496932515337
valentwin-school_report-n-100-hn-10-selective-neg-lr-3e5-bs-512-20240421-euc-cnw-04-euc,0.6956521739130435,0.7361963190184049,0.7153502235469448,0.16821192052980133,0.07109737248840804,0.04266030736618972,0.030566859089618623,0.023995289268364493,0.50920245398773
