,precision,recall,f1_score,precision_at_10_percent,precision_at_30_percent,precision_at_50_percent,precision_at_70_percent,precision_at_90_percent,recall_at_sizeof_ground_truth
coma_schema_instance,0.9055793991416309,0.647239263803681,0.7549194991055457,1.0,1.0,0.9924812030075187,0.9946524064171123,0.8666666666666667,0.6595092024539877
deepjoin-deepjoin-all-mpnet-base-v2-coltotext-colname-stat-col-shuffle-0.4-epochs-10-bs-16-lr-2e-05-wd-0.01-warmup-10000,0.6318840579710145,0.6687116564417178,0.6497764530551415,0.13311258278145696,0.05409582689335394,0.038950715421303655,0.030566859089618623,0.023995289268364493,0.38650306748466257
starmie-model_drop_num_col_random_column_0-ft,0.48695652173913045,0.5153374233128835,0.5007451564828614,0.1933115823817292,0.0840358988305684,0.05303524804177546,0.037995337995338,0.02955307769014595,0.36503067484662577
starmie-model_sample_row_ordered_tfidf_entity_column_0,0.6434782608695652,0.6809815950920245,0.6616989567809239,0.26033834586466165,0.09868421052631579,0.06090225563909774,0.04377013963480129,0.03404344193817878,0.5613496932515337
valentwin-school_report-n-100-hn-10-selective-neg-lr-3e5-bs-512-euc-cnw-04-euc,0.6956521739130435,0.7361963190184049,0.7153502235469448,0.1695364238410596,0.07109737248840804,0.04266030736618972,0.030566859089618623,0.023995289268364493,0.5122699386503068
