,precision,recall,f1_score,precision_at_10_percent,precision_at_30_percent,precision_at_50_percent,precision_at_70_percent,precision_at_90_percent,recall_at_sizeof_ground_truth
coma_schema_instance,0.9055793991416309,0.647239263803681,0.7549194991055457,1.0,1.0,0.9924812030075187,0.9946524064171123,0.8666666666666667,0.6595092024539877
deepjoin-all-mpnet-base-v2-coltotext-colname-stat-col-shuffle-0.4-epochs-10-bs-16-lr-2e-05-wd-0.01-warmup-10000-cosine,0.6405797101449275,0.6779141104294478,0.6587183308494784,0.1390728476821192,0.05497902406712298,0.03749337572866985,0.030093687896280873,0.023995289268364493,0.5184049079754601
starmie-model_sample_row_ordered_frequent_column_0-ft-cosine,0.591304347826087,0.6257668711656442,0.6080476900149031,0.2679282868525896,0.10362005978080371,0.06418178194139924,0.04612756264236902,0.036097885062562285,0.5061349693251533
starmie-model_sample_row_ordered_tfidf_entity_column_0,0.6434782608695652,0.6809815950920245,0.6616989567809239,0.26033834586466165,0.09868421052631579,0.06090225563909774,0.04377013963480129,0.03404344193817878,0.5613496932515337
valentwin-school_report-n-200-hn-10-selective-neg-lr-3e5-bs-512-20240421-euc-cnw-04-euc,0.6840579710144927,0.7239263803680982,0.7034277198211625,0.15960264900662252,0.07109737248840804,0.04292527821939587,0.030756127566953725,0.023995289268364493,0.49693251533742333
