,precision,recall,f1_score,precision_at_10_percent,precision_at_30_percent,precision_at_50_percent,precision_at_70_percent,precision_at_90_percent,recall_at_sizeof_ground_truth
coma_schema_instance,0.905982905982906,0.6503067484662577,0.7571428571428571,1.0,0.9882352941176471,0.9929577464788732,0.9748743718592965,0.8274509803921568,0.6687116564417178
deepjoin-all-mpnet-base-v2-coltotext-colname-stat-col-shuffle-0.4-epochs-10-bs-16-lr-2e-05-wd-0.01-warmup-10000-cosine,0.6492753623188405,0.6871165644171779,0.6676602086438151,0.13973509933774833,0.055199823360565246,0.03802331743508214,0.029999053657613326,0.023995289268364493,0.5122699386503068
starmie-model_sample_row_ordered_frequent_column_0-ft-cosine,0.6028985507246377,0.6380368098159509,0.6199701937406856,0.2512266928361138,0.10310965630114566,0.06364172068355922,0.04574154623263645,0.03557786751064062,0.5398773006134969
starmie-model_sample_row_ordered_tfidf_entity_column_0-cosine,0.6492753623188405,0.6871165644171779,0.6676602086438151,0.255378858746492,0.0967238689547582,0.0599138738064033,0.04360037448174402,0.03391241027774888,0.5460122699386503
valentwin-school_report-n-200-hn-10-selective-neg-lr-3e5-bs-512-20240421-euc-cnw-04-euc,0.6840579710144927,0.7239263803680982,0.7034277198211625,0.1609271523178808,0.07109737248840804,0.04292527821939587,0.030756127566953725,0.023995289268364493,0.50920245398773
