,precision,recall,f1_score,precision_at_10_percent,precision_at_30_percent,precision_at_50_percent,precision_at_70_percent,precision_at_90_percent,recall_at_sizeof_ground_truth
coma_schema_instance,0.9055793991416309,0.647239263803681,0.7549194991055457,1.0,1.0,0.9924812030075187,0.9946524064171123,0.8666666666666667,0.6595092024539877
deepjoin-all-mpnet-base-v2-coltotext-colname-stat-col-shuffle-0.4-epochs-10-bs-16-lr-2e-05-wd-0.01-warmup-10000-cosine,0.6318840579710145,0.6687116564417178,0.6497764530551415,0.1390728476821192,0.054758224773680725,0.037890832008479064,0.030188322134948424,0.023995289268364493,0.5122699386503068
starmie-model_sample_row_ordered_frequent_column_0-ft-cosine,0.6,0.6349693251533742,0.6169895678092399,0.25149700598802394,0.10452729693741677,0.06450968643898541,0.04650499286733238,0.0361739902352419,0.5214723926380368
starmie-model_sample_row_ordered_tfidf_entity_column_0,0.6434782608695652,0.6809815950920245,0.6616989567809239,0.26033834586466165,0.09868421052631579,0.06090225563909774,0.04377013963480129,0.03404344193817878,0.5613496932515337
valentwin-school_report-n-300-hn-10-selective-neg-lr-3e5-bs-512-20240421-euc-cnw-04-euc,0.6869565217391305,0.7269938650306749,0.7064083457526081,0.1562913907284768,0.0695517774343122,0.04266030736618972,0.030756127566953725,0.023995289268364493,0.4754601226993865
