,precision,recall,f1_score,precision_at_10_percent,precision_at_30_percent,precision_at_50_percent,precision_at_70_percent,precision_at_90_percent,recall_at_sizeof_ground_truth
coma_schema_instance,0.905982905982906,0.6503067484662577,0.7571428571428571,1.0,0.9883720930232558,0.9929577464788732,0.9748743718592965,0.82421875,0.6687116564417178
deepjoin-all-mpnet-base-v2-coltotext-colname-stat-col-shuffle-0.4-epochs-10-bs-16-lr-2e-05-wd-0.01-warmup-10000-cosine,0.6492753623188405,0.6871165644171779,0.6676602086438151,0.1390728476821192,0.05497902406712298,0.03868574456809751,0.029904419418945775,0.023995289268364493,0.4754601226993865
starmie-model_sample_row_ordered_frequent_column_0-ft-cosine,0.6173913043478261,0.6533742331288344,0.6348733233979136,0.26548672566371684,0.10390036053752869,0.06372934697088907,0.045805817057749054,0.03562452191017375,0.50920245398773
starmie-model_sample_row_ordered_tfidf_entity_column_0-cosine,0.6376811594202898,0.6748466257668712,0.6557377049180327,0.2518248175182482,0.09397810218978102,0.058394160583941604,0.04249217935349322,0.033049472830494725,0.5613496932515337
valentwin-school_report-n-300-hn-10-selective-neg-lr-3e5-bs-512-20240421-euc-cnw-04-euc,0.6840579710144927,0.7239263803680982,0.7034277198211625,0.1576158940397351,0.07043497460808125,0.04266030736618972,0.030756127566953725,0.023995289268364493,0.4938650306748466
