,precision,recall,f1_score,precision_at_10_percent,precision_at_30_percent,precision_at_50_percent,precision_at_70_percent,precision_at_90_percent,recall_at_sizeof_ground_truth
coma_schema_instance,0.9055793991416309,0.647239263803681,0.7549194991055457,1.0,1.0,0.9924812030075187,0.9946524064171123,0.8666666666666667,0.6595092024539877
deepjoin-all-mpnet-base-v2-coltotext-colname-stat-col-shuffle-0.4-epochs-10-bs-16-lr-2e-05-wd-0.01-warmup-10000-cosine,0.6376811594202898,0.6748466257668712,0.6557377049180327,0.1390728476821192,0.05409582689335394,0.03709591944886063,0.030093687896280873,0.023995289268364493,0.5122699386503068
starmie-model_sample_row_ordered_frequent_column_0-ft-cosine,0.5855072463768116,0.6196319018404908,0.6020864381520119,0.253411306042885,0.10237244068898277,0.06318252730109204,0.04540389972144847,0.03531578377207237,0.5276073619631901
starmie-model_sample_row_ordered_tfidf_entity_column_0,0.6434782608695652,0.6809815950920245,0.6616989567809239,0.26033834586466165,0.09868421052631579,0.06090225563909774,0.04377013963480129,0.03404344193817878,0.5613496932515337
valentwin-school_report-n-400-hn-10-selective-neg-lr-3e5-bs-512-20240421-euc-cnw-04-euc,0.6811594202898551,0.7208588957055214,0.7004470938897168,0.16026490066225166,0.07065577390152351,0.04279279279279279,0.030661493328286174,0.023848078904754894,0.4815950920245399
