,precision,recall,f1_score,precision_at_10_percent,precision_at_30_percent,precision_at_50_percent,precision_at_70_percent,precision_at_90_percent,recall_at_sizeof_ground_truth
coma_schema_instance,0.905982905982906,0.6503067484662577,0.7571428571428571,1.0,0.9882352941176471,0.9929577464788732,0.9748743718592965,0.8274509803921568,0.6687116564417178
deepjoin-all-mpnet-base-v2-coltotext-colname-stat-col-shuffle-0.4-epochs-10-bs-16-lr-2e-05-wd-0.01-warmup-10000-cosine,0.6521739130434783,0.6901840490797546,0.6706408345752608,0.1390728476821192,0.054758224773680725,0.03762586115527292,0.029809785180278225,0.023995289268364493,0.5122699386503068
starmie-model_sample_row_ordered_frequent_column_0-ft-cosine,0.6086956521739131,0.6441717791411042,0.6259314456035768,0.26295210166177907,0.10299869621903521,0.06279342723004695,0.045270364677937686,0.035427081069332754,0.5214723926380368
starmie-model_sample_row_ordered_tfidf_entity_column_0-cosine,0.6405797101449275,0.6779141104294478,0.6587183308494784,0.25631431244153413,0.09700561447286338,0.05989144675276062,0.04357706189012164,0.03389478061967145,0.549079754601227
valentwin-school_report-n-400-hn-10-selective-neg-lr-3e5-bs-512-20240421-euc-cnw-04-euc,0.7014492753623188,0.7423312883435583,0.7213114754098361,0.16357615894039734,0.07065577390152351,0.04279279279279279,0.030661493328286174,0.023848078904754894,0.5
