,precision,recall,f1_score,precision_at_10_percent,precision_at_30_percent,precision_at_50_percent,precision_at_70_percent,precision_at_90_percent,recall_at_sizeof_ground_truth
coma_schema_instance,0.9017094017094017,0.647239263803681,0.7535714285714287,1.0,0.9882352941176471,0.9929577464788732,0.9748743718592965,0.8235294117647058,0.6687116564417178
deepjoin-all-mpnet-base-v2-coltotext-colname-stat-col-shuffle-0.4-epochs-10-bs-16-lr-2e-05-wd-0.01-warmup-10000-cosine,0.6608695652173913,0.6993865030674846,0.6795827123695976,0.1390728476821192,0.05387502759991168,0.037890832008479064,0.029809785180278225,0.023995289268364493,0.5153374233128835
starmie-model_sample_row_ordered_frequent_column_0-ft-cosine,0.6347826086956522,0.6717791411042945,0.6527570789865872,0.26392961876832843,0.10198761811665037,0.06355103637074697,0.04553072625698324,0.035411688029545946,0.5306748466257669
starmie-model_sample_row_ordered_tfidf_entity_column_0-cosine,0.6405797101449275,0.6779141104294478,0.6587183308494784,0.25631431244153413,0.09700561447286338,0.05989144675276062,0.04357706189012164,0.03389478061967145,0.549079754601227
valentwin-school_report-n-500-hn-10-selective-neg-lr-3e5-bs-512-20240421-euc-cnw-04-euc,0.663768115942029,0.7024539877300614,0.6825633383010432,0.16688741721854305,0.07043497460808125,0.04279279279279279,0.030661493328286174,0.023848078904754894,0.5368098159509203
