,precision,recall,f1_score,precision_at_10_percent,precision_at_30_percent,precision_at_50_percent,precision_at_70_percent,precision_at_90_percent,recall_at_sizeof_ground_truth
valentwin-academic_papers-n-100-hn-10-selective-neg-lr-3e5-bs-512-euc-cnw-04-euc,0.8059701492537313,0.8537549407114624,0.8291746641074855,0.83203125,0.3237597911227154,0.19827586206896552,0.14165733482642778,0.11019163763066202,0.8379446640316206
valentwin-academic_papers-n-100-hn-10-selective-neginter-lr-3e5-bs-512-euc-cnw-04-euc,0.8283582089552238,0.8774703557312253,0.8522072936660269,0.76171875,0.3133159268929504,0.19357366771159876,0.14053751399776035,0.11019163763066202,0.7628458498023716
valentwin-academic_papers-n-100-hn-10-selective-noneg-lr-3e5-bs-512-euc-cnw-04-euc,0.8171641791044776,0.8656126482213439,0.8406909788867561,0.828125,0.3289817232375979,0.19827586206896552,0.14165733482642778,0.11019163763066202,0.8379446640316206
