,precision,recall,f1_score,precision_at_10_percent,precision_at_30_percent,precision_at_50_percent,precision_at_70_percent,precision_at_90_percent,recall_at_sizeof_ground_truth
coma_schema_instance,0.856701030927835,0.627643504531722,0.7244986922406278,1.0,0.9836065573770492,0.9763779527559056,0.960618846694796,0.9004376367614879,0.6487915407854985
deepjoin-all-mpnet-base-v2-coltotext-colname-stat-col-shuffle-0.4-epochs-10-bs-16-lr-2e-05-wd-0.01-warmup-10000-cosine,0.8263157894736842,0.8300604229607251,0.8281838733986435,0.7184115523465704,0.2638443017656501,0.15904165663375872,0.11385329779000775,0.08855594943482041,0.8580060422960725
starmie-model_sample_row_ordered_frequent_column_0-ft-cosine,0.6343115124153499,0.6367069486404834,0.6355069732378439,0.59804605722261,0.26384364820846906,0.16866796984082658,0.12595990824773112,0.10060502637294447,0.6253776435045317
starmie-model_sample_row_ordered_tfidf_entity_column_0-cosine,0.6172932330827068,0.6200906344410876,0.6186887716654107,0.5864553314121037,0.2698222008649688,0.17459630911188004,0.12924819773429455,0.10277154758090355,0.601963746223565
valentwin-movies-n-100-hn-10-selective-neg-lr-3e5-bs-512-20240421-euc-cnw-04-euc,0.7969924812030075,0.8006042296072508,0.79879427279578,0.644404332129964,0.24789410348977137,0.15453123119508966,0.11348005502063274,0.08852634394223054,0.7145015105740181
