,precision,recall,f1_score,precision_at_10_percent,precision_at_30_percent,precision_at_50_percent,precision_at_70_percent,precision_at_90_percent,recall_at_sizeof_ground_truth
coma_schema_instance,0.8726823238566132,0.5332326283987915,0.6619784341303329,1.0,0.9838056680161943,0.9708029197080292,0.9600694444444444,0.9108108108108108,0.5347432024169184
deepjoin-all-mpnet-base-v2-coltotext-colname-stat-col-shuffle-0.4-epochs-10-bs-16-lr-2e-05-wd-0.01-warmup-10000-cosine,0.8203007518796992,0.8240181268882175,0.8221552373775433,0.710589651022864,0.26399197592778334,0.1590225111351872,0.11375752364574376,0.08854410486190062,0.8610271903323263
starmie-model_sample_row_ordered_frequent_column_0-ft-cosine,0.6200150489089541,0.622356495468278,0.6211835657745949,0.5850104094378904,0.25960203609440075,0.167569068443704,0.12405791352637842,0.0996529116853066,0.6148036253776435
starmie-model_sample_row_ordered_tfidf_entity_column_0-cosine,0.6106927710843374,0.6125377643504532,0.6116138763197587,0.5879003558718862,0.26951364175563464,0.17212414578587698,0.12763144513373334,0.10211184054417465,0.6117824773413897
valentwin-movies-n-100-hn-10-selective-neg-lr-3e5-bs-512-20240421-euc-cnw-04-euc,0.7977443609022556,0.8013595166163142,0.7995478522984175,0.6432009626955475,0.24769354191736864,0.15441087976892526,0.11330811554332874,0.08852634394223054,0.7145015105740181
