,precision,recall,f1_score,precision_at_10_percent,precision_at_30_percent,precision_at_50_percent,precision_at_70_percent,precision_at_90_percent,recall_at_sizeof_ground_truth
coma_schema_instance,0.8518518518518519,0.6601208459214502,0.7438297872340426,1.0,0.9876923076923076,0.9722735674676525,0.9525065963060686,0.8901437371663244,0.6842900302114804
deepjoin-all-mpnet-base-v2-coltotext-colname-stat-col-shuffle-0.4-epochs-10-bs-16-lr-2e-05-wd-0.01-warmup-10000-cosine,0.824812030075188,0.8285498489425982,0.8266767143933685,0.7087845968712395,0.2627356598475732,0.15874353111084366,0.11382393397524071,0.08852634394223054,0.8595166163141994
starmie-model_sample_row_ordered_frequent_column_0-ft-cosine,0.6204819277108434,0.622356495468278,0.6214177978883861,0.5815899581589958,0.2617995814926761,0.16866629464285715,0.12524910322837784,0.09997674959311788,0.6034743202416919
starmie-model_sample_row_ordered_tfidf_entity_column_0-cosine,0.6094808126410836,0.6117824773413897,0.6106294760648323,0.5648476257973069,0.26529648003779827,0.17153388148568188,0.1260759493670886,0.10152004410490667,0.5845921450151057
valentwin-movies-n-100-hn-10-selective-neg-lr-3e5-bs-512-20240421-euc-cnw-04-euc,0.7969924812030075,0.8006042296072508,0.79879427279578,0.6425992779783394,0.24789410348977137,0.15477193404741846,0.11339408528198074,0.08852634394223054,0.7145015105740181
