,precision,recall,f1_score,precision_at_10_percent,precision_at_30_percent,precision_at_50_percent,precision_at_70_percent,precision_at_90_percent,recall_at_sizeof_ground_truth
coma_schema_instance,0.8486328125,0.6563444108761329,0.7402044293015332,1.0,0.9814814814814815,0.9721706864564007,0.9522546419098143,0.8876288659793814,0.68202416918429
deepjoin-all-mpnet-base-v2-coltotext-colname-stat-col-shuffle-0.4-epochs-10-bs-16-lr-2e-05-wd-0.01-warmup-10000-cosine,0.8210526315789474,0.824773413897281,0.8229088168801808,0.7009626955475331,0.2635907723169508,0.1586422725084256,0.11356602475928473,0.08853226345703778,0.8398791540785498
starmie-model_sample_row_ordered_frequent_column_0-ft-cosine,0.6117381489841986,0.6140483383685801,0.6128910667169242,0.5911330049261084,0.26577527562749237,0.17328265765765766,0.12760180995475112,0.10119652772346915,0.6200906344410876
starmie-model_sample_row_ordered_tfidf_entity_column_0-cosine,0.6150375939849624,0.6178247734138973,0.6164280331574982,0.5757575757575758,0.2674362674362674,0.1743145743145743,0.12894248608534323,0.10325476992143659,0.5891238670694864
valentwin-movies-n-100-hn-10-selective-neg-lr-3e5-bs-512-20240421-euc-cnw-04-euc,0.7984962406015037,0.8021148036253777,0.800301431801055,0.644404332129964,0.24829522663457682,0.15489228547358286,0.11322214580467675,0.08852634394223054,0.7129909365558912
