,precision,recall,f1_score,precision_at_10_percent,precision_at_30_percent,precision_at_50_percent,precision_at_70_percent,precision_at_90_percent,recall_at_sizeof_ground_truth
coma_schema_instance,0.8446411012782694,0.6487915407854985,0.7338744126441692,1.0,0.9783950617283951,0.9721706864564007,0.9496688741721855,0.8805355303810505,0.6774924471299094
deepjoin-deepjoin-all-mpnet-base-v2-coltotext-colname-stat-col-shuffle-0.4-epochs-10-bs-16-lr-2e-05-wd-0.01-warmup-10000,0.8157894736842105,0.8194864048338368,0.8176337603617183,0.7123947051744886,0.26253509827517046,0.15862317968467926,0.11348005502063274,0.08852634394223054,0.850453172205438
starmie-model_drop_num_col_random_column_0-ft,0.7289156626506024,0.7311178247734139,0.7300150829562594,0.6482155863073562,0.302574065080136,0.18740891868259982,0.13573436036223588,0.10637953367875648,0.6555891238670695
starmie-model_sample_row_ordered_tfidf_entity_column_0,0.6164280331574982,0.6178247734138973,0.6171256129762354,0.5897435897435898,0.2650201852291617,0.17326873753206043,0.127735368956743,0.10227992400253325,0.6057401812688822
valentwin-movies-n-100-hn-10-selective-neg-lr-3e5-bs-512-euc-cnw-04-euc,0.7954887218045112,0.7990936555891238,0.7972871137905049,0.6432009626955475,0.24829522663457682,0.15501263689974726,0.11305020632737277,0.08852634394223054,0.7122356495468278
