,precision,recall,f1_score,precision_at_10_percent,precision_at_30_percent,precision_at_50_percent,precision_at_70_percent,precision_at_90_percent,recall_at_sizeof_ground_truth
coma_schema_instance,0.8446411012782694,0.6487915407854985,0.7338744126441692,1.0,0.9783950617283951,0.9721706864564007,0.9496688741721855,0.8805355303810505,0.6774924471299094
deepjoin-all-mpnet-base-v2-coltotext-colname-stat-col-shuffle-0.4-epochs-10-bs-16-lr-2e-05-wd-0.01-warmup-10000-cosine,0.8135338345864662,0.8172205438066465,0.8153730218538056,0.7021660649819494,0.2619334135579623,0.15850282825851486,0.11348005502063274,0.08852634394223054,0.8308157099697885
starmie-model_sample_row_ordered_frequent_column_0-ft-cosine,0.6129518072289156,0.6148036253776435,0.6138763197586726,0.5879432624113475,0.26483802317332705,0.17309875141884223,0.12869882448317796,0.10207298809805312,0.6064954682779456
starmie-model_sample_row_ordered_tfidf_entity_column_0,0.6164280331574982,0.6178247734138973,0.6171256129762354,0.5897435897435898,0.2650201852291617,0.17326873753206043,0.127735368956743,0.10227992400253325,0.6057401812688822
valentwin-movies-n-200-hn-10-selective-neg-lr-3e5-bs-512-20240421-euc-cnw-04-euc,0.7676691729323308,0.7711480362537765,0.7694046721929163,0.6070998796630566,0.2458884877657441,0.15320736550728126,0.11270632737276479,0.08852634394223054,0.7046827794561934
