,precision,recall,f1_score,precision_at_10_percent,precision_at_30_percent,precision_at_50_percent,precision_at_70_percent,precision_at_90_percent,recall_at_sizeof_ground_truth
coma_schema_instance,0.8486328125,0.6563444108761329,0.7402044293015332,1.0,0.9814814814814815,0.9721706864564007,0.9522546419098143,0.8876288659793814,0.68202416918429
deepjoin-all-mpnet-base-v2-coltotext-colname-stat-col-shuffle-0.4-epochs-10-bs-16-lr-2e-05-wd-0.01-warmup-10000-cosine,0.8172932330827067,0.8209969788519638,0.8191409193669932,0.694344163658243,0.26253509827517046,0.15874353111084366,0.11365199449793673,0.08852634394223054,0.8361027190332326
starmie-model_sample_row_ordered_frequent_column_0-ft-cosine,0.6162528216704289,0.6185800604229608,0.6174142480211082,0.5905848787446505,0.26438421302900617,0.17263518333571123,0.1289237668161435,0.10272669625871908,0.6163141993957704
starmie-model_sample_row_ordered_tfidf_entity_column_0-cosine,0.6150375939849624,0.6178247734138973,0.6164280331574982,0.5757575757575758,0.2674362674362674,0.1743145743145743,0.12894248608534323,0.10325476992143659,0.5891238670694864
valentwin-movies-n-200-hn-10-selective-neg-lr-3e5-bs-512-20240421-euc-cnw-04-euc,0.7676691729323308,0.7711480362537765,0.7694046721929163,0.6064981949458483,0.24628961091054954,0.15356841978577446,0.11305020632737277,0.08852634394223054,0.7054380664652568
