,precision,recall,f1_score,precision_at_10_percent,precision_at_30_percent,precision_at_50_percent,precision_at_70_percent,precision_at_90_percent,recall_at_sizeof_ground_truth
coma_schema_instance,0.8446411012782694,0.6487915407854985,0.7338744126441692,1.0,0.9783950617283951,0.9721706864564007,0.9496688741721855,0.8805355303810505,0.6774924471299094
deepjoin-all-mpnet-base-v2-coltotext-colname-stat-col-shuffle-0.4-epochs-10-bs-16-lr-2e-05-wd-0.01-warmup-10000-cosine,0.812781954887218,0.8164652567975831,0.8146194423511681,0.6937424789410349,0.2605294825511432,0.15850282825851486,0.11348005502063274,0.08852634394223054,0.823262839879154
starmie-model_sample_row_ordered_frequent_column_0-ft-cosine,0.6201959306706858,0.6216012084592145,0.6208977744247454,0.5889046941678521,0.26114800759013285,0.17307144890407059,0.12839280268374503,0.10247489523207085,0.6117824773413897
starmie-model_sample_row_ordered_tfidf_entity_column_0,0.6164280331574982,0.6178247734138973,0.6171256129762354,0.5897435897435898,0.2650201852291617,0.17326873753206043,0.127735368956743,0.10227992400253325,0.6057401812688822
valentwin-movies-n-300-hn-10-selective-neg-lr-3e5-bs-512-20240421-euc-cnw-04-euc,0.7714285714285715,0.7749244712990937,0.7731725697061039,0.5914560770156438,0.25070196550340956,0.15705861114454206,0.11356602475928473,0.08852634394223054,0.6963746223564955
