,precision,recall,f1_score,precision_at_10_percent,precision_at_30_percent,precision_at_50_percent,precision_at_70_percent,precision_at_90_percent,recall_at_sizeof_ground_truth
coma_schema_instance,0.8518518518518519,0.6601208459214502,0.7438297872340426,1.0,0.9876923076923076,0.9722735674676525,0.9525065963060686,0.8901437371663244,0.6842900302114804
deepjoin-all-mpnet-base-v2-coltotext-colname-stat-col-shuffle-0.4-epochs-10-bs-16-lr-2e-05-wd-0.01-warmup-10000-cosine,0.818796992481203,0.8225075528700906,0.8206480783722683,0.7057761732851986,0.26353790613718414,0.15886388253700806,0.11382393397524071,0.08852634394223054,0.8459214501510574
starmie-model_sample_row_ordered_frequent_column_0-ft-cosine,0.6393072289156626,0.6412386706948641,0.6402714932126697,0.5862785862785863,0.2616131268777444,0.16833056017748196,0.12439338417351689,0.09945304676065019,0.6253776435045317
starmie-model_sample_row_ordered_tfidf_entity_column_0-cosine,0.6094808126410836,0.6117824773413897,0.6106294760648323,0.5648476257973069,0.26529648003779827,0.17153388148568188,0.1260759493670886,0.10152004410490667,0.5845921450151057
valentwin-movies-n-300-hn-10-selective-neg-lr-3e5-bs-512-20240421-euc-cnw-04-euc,0.7714285714285715,0.7749244712990937,0.7731725697061039,0.5908543922984356,0.2509025270758123,0.15741966542303526,0.11365199449793673,0.08852634394223054,0.6948640483383686
