,precision,recall,f1_score,precision_at_10_percent,precision_at_30_percent,precision_at_50_percent,precision_at_70_percent,precision_at_90_percent,recall_at_sizeof_ground_truth
coma_schema_instance,0.8446411012782694,0.6487915407854985,0.7338744126441692,1.0,0.9783950617283951,0.9721706864564007,0.9496688741721855,0.8805355303810505,0.6774924471299094
deepjoin-all-mpnet-base-v2-coltotext-colname-stat-col-shuffle-0.4-epochs-10-bs-16-lr-2e-05-wd-0.01-warmup-10000-cosine,0.8150375939849624,0.8187311178247734,0.8168801808590807,0.7069795427196149,0.2627356598475732,0.15874353111084366,0.11348005502063274,0.08852634394223054,0.8323262839879154
starmie-model_sample_row_ordered_frequent_column_0-ft-cosine,0.6280120481927711,0.6299093655589124,0.6289592760180995,0.5928825622775801,0.26856465005931196,0.17451957295373666,0.12892730045754958,0.10209568999604587,0.6193353474320241
starmie-model_sample_row_ordered_tfidf_entity_column_0,0.6164280331574982,0.6178247734138973,0.6171256129762354,0.5897435897435898,0.2650201852291617,0.17326873753206043,0.127735368956743,0.10227992400253325,0.6057401812688822
valentwin-movies-n-400-hn-10-selective-neg-lr-3e5-bs-512-20240421-euc-cnw-04-euc,0.7774436090225564,0.7809667673716012,0.7792012057272042,0.6095066185318893,0.2416766947452868,0.15441087976892526,0.11348005502063274,0.08852634394223054,0.702416918429003
