,precision,recall,f1_score,precision_at_10_percent,precision_at_30_percent,precision_at_50_percent,precision_at_70_percent,precision_at_90_percent,recall_at_sizeof_ground_truth
coma_schema_instance,0.856701030927835,0.627643504531722,0.7244986922406278,1.0,0.9836065573770492,0.9763779527559056,0.960618846694796,0.9004376367614879,0.6487915407854985
deepjoin-all-mpnet-base-v2-coltotext-colname-stat-col-shuffle-0.4-epochs-10-bs-16-lr-2e-05-wd-0.01-warmup-10000-cosine,0.818796992481203,0.8225075528700906,0.8206480783722683,0.7260686333534015,0.2641509433962264,0.1592195591954715,0.1139022711631108,0.08859150217464035,0.8557401812688822
starmie-model_sample_row_ordered_frequent_column_0-ft-cosine,0.6267870579382995,0.629154078549849,0.6279683377308707,0.5984743411927878,0.26236708275543225,0.16937161880982105,0.12633769322235433,0.1000308261405672,0.627643504531722
starmie-model_sample_row_ordered_tfidf_entity_column_0-cosine,0.6172932330827068,0.6200906344410876,0.6186887716654107,0.5864553314121037,0.2698222008649688,0.17459630911188004,0.12924819773429455,0.10277154758090355,0.601963746223565
valentwin-movies-n-400-hn-10-selective-neg-lr-3e5-bs-512-20240421-euc-cnw-04-euc,0.7781954887218046,0.7817220543806647,0.7799547852298419,0.6101083032490975,0.24107501002807863,0.15441087976892526,0.11348005502063274,0.08852634394223054,0.6993957703927492
