,precision,recall,f1_score,precision_at_10_percent,precision_at_30_percent,precision_at_50_percent,precision_at_70_percent,precision_at_90_percent,recall_at_sizeof_ground_truth
coma_schema_instance,0.8446411012782694,0.6487915407854985,0.7338744126441692,1.0,0.9783950617283951,0.9721706864564007,0.9496688741721855,0.8805355303810505,0.6774924471299094
deepjoin-all-mpnet-base-v2-coltotext-colname-stat-col-shuffle-0.4-epochs-10-bs-16-lr-2e-05-wd-0.01-warmup-10000-cosine,0.8142857142857143,0.81797583081571,0.8161266013564432,0.6889290012033694,0.26253509827517046,0.15862317968467926,0.11348005502063274,0.08852634394223054,0.8104229607250756
starmie-model_sample_row_ordered_frequent_column_0-ft-cosine,0.6149208741522231,0.6163141993957704,0.6156167483968314,0.577304964539007,0.2641286356112556,0.17298141052930324,0.12781269004662477,0.10177374852187623,0.5966767371601208
starmie-model_sample_row_ordered_tfidf_entity_column_0,0.6164280331574982,0.6178247734138973,0.6171256129762354,0.5897435897435898,0.2650201852291617,0.17326873753206043,0.127735368956743,0.10227992400253325,0.6057401812688822
valentwin-movies-n-500-hn-10-selective-neg-lr-3e5-bs-512-20240421-euc-cnw-04-euc,0.7518796992481203,0.7552870090634441,0.7535795026375284,0.598676293622142,0.2394705174488568,0.15657720543988446,0.11313617606602476,0.0884594811446911,0.6986404833836858
