,precision,recall,f1_score,precision_at_10_percent,precision_at_30_percent,precision_at_50_percent,precision_at_70_percent,precision_at_90_percent,recall_at_sizeof_ground_truth
coma_schema_instance,0.8726823238566132,0.5332326283987915,0.6619784341303329,1.0,0.9838056680161943,0.9708029197080292,0.9600694444444444,0.9108108108108108,0.5347432024169184
deepjoin-all-mpnet-base-v2-coltotext-colname-stat-col-shuffle-0.4-epochs-10-bs-16-lr-2e-05-wd-0.01-warmup-10000-cosine,0.8165413533834587,0.8202416918429003,0.8183873398643556,0.7122215532811559,0.26334805299076675,0.1591182847506625,0.11382603458659554,0.08859743040685225,0.8587613293051359
starmie-model_sample_row_ordered_frequent_column_0-ft-cosine,0.6267870579382995,0.629154078549849,0.6279683377308707,0.590027700831025,0.26200369344413665,0.16869806094182827,0.12455480807281362,0.09979993844259773,0.6261329305135952
starmie-model_sample_row_ordered_tfidf_entity_column_0-cosine,0.6106927710843374,0.6125377643504532,0.6116138763197587,0.5879003558718862,0.26951364175563464,0.17212414578587698,0.12763144513373334,0.10211184054417465,0.6117824773413897
valentwin-movies-n-500-hn-10-selective-neg-lr-3e5-bs-512-20240421-euc-cnw-04-euc,0.7601503759398496,0.763595166163142,0.761868877166541,0.598676293622142,0.23846770958684316,0.15609579973522686,0.11313617606602476,0.0884594811446911,0.6993957703927492
