,precision,recall,f1_score,precision_at_10_percent,precision_at_30_percent,precision_at_50_percent,precision_at_70_percent,precision_at_90_percent,recall_at_sizeof_ground_truth
alite-bert-base-uncased-l2,0.9130434782608695,0.14685314685314685,0.25301204819277107,0.6666666666666666,0.875,0.8461538461538461,0.8888888888888888,0.9130434782608695,0.16083916083916083
alite-sup-simcse-roberta-base-l2,1.0,0.34265734265734266,0.5104166666666666,1.0,1.0,1.0,1.0,1.0,0.34265734265734266
deepjoin-all-mpnet-base-v2-coltotext-colname-stat-col-shuffle-0.4-epochs-10-bs-16-lr-2e-05-wd-0.01-warmup-10000,0.7315789473684211,0.972027972027972,0.8348348348348349,0.9655172413793104,0.3919308357348703,0.24610051993067592,0.17698019801980197,0.13763233878729547,0.8321678321678322
deepjoin-sup-simcse-roberta-base-coltotext-colname-col-shuffle-0.0-epochs-1-bs-16-lr-2e-05-wd-0.01-warmup-10000,0.7315789473684211,0.972027972027972,0.8348348348348349,0.9655172413793104,0.38904899135446686,0.24090121317157712,0.17698019801980197,0.13763233878729547,0.8111888111888111
starmie-model_drop_num_col_random_column_0-ft,0.746031746031746,0.986013986013986,0.8493975903614458,1.0,0.4633333333333333,0.2845691382765531,0.20457796852646637,0.15906562847608455,0.8251748251748252
starmie-model_sample_row_ordered_frequent_column_0-ft-simcse,0.6368421052631579,0.8461538461538461,0.7267267267267267,0.7631578947368421,0.38011695906432746,0.24253075571177504,0.17691342534504392,0.13951219512195123,0.7062937062937062
starmie-model_sample_row_ordered_frequent_column_0-simcse,0.6263157894736842,0.8321678321678322,0.7147147147147147,0.8157894736842105,0.3870967741935484,0.24338624338624337,0.17632241813602015,0.14005876591576885,0.7062937062937062
starmie-model_sample_row_ordered_tfidf_entity_column_0,0.6473684210526316,0.8601398601398601,0.7387387387387387,0.7610619469026548,0.3827893175074184,0.24064171122994651,0.17684478371501272,0.14158415841584157,0.6993006993006993
valentwin-amo-ame-n-100-hn-10-selective-neg-lr-3e5-bs-512-euc-cnw-04-euc,0.7368421052631579,0.9790209790209791,0.8408408408408409,0.9568965517241379,0.41210374639769454,0.24783362218370883,0.17698019801980197,0.13763233878729547,0.8951048951048951
