,precision,recall,f1_score,precision_at_10_percent,precision_at_30_percent,precision_at_50_percent,precision_at_70_percent,precision_at_90_percent,recall_at_sizeof_ground_truth
valentwin-restaurants-n-100-hn-10-selective-neg-lr-3e5-bs-512-euc-cnw-04-euc,0.7342342342342343,0.8423772609819121,0.7845968712394705,0.6288848263254113,0.22120658135283364,0.13455210237659965,0.09924262209454165,0.07861060329067641,0.8423772609819121
valentwin-restaurants-n-100-hn-10-selective-neginter-lr-3e5-bs-512-euc-cnw-04-euc,0.7184684684684685,0.8242894056847545,0.7677496991576412,0.5630712979890311,0.21206581352833637,0.1319926873857404,0.09767563332462784,0.07759496242128783,0.7054263565891473
valentwin-restaurants-n-100-hn-10-selective-noneg-lr-3e5-bs-512-euc-cnw-04-euc,0.740990990990991,0.8501291989664083,0.7918170878459687,0.6270566727605119,0.22851919561243145,0.14076782449725778,0.1010707756594411,0.07861060329067641,0.8423772609819121
