,precision,recall,f1_score,precision_at_10_percent,precision_at_30_percent,precision_at_50_percent,precision_at_70_percent,precision_at_90_percent,recall_at_sizeof_ground_truth
valentwin-school_report-n-100-hn-10-selective-neg-lr-3e5-bs-512-euc-cnw-04-euc,0.6956521739130435,0.7361963190184049,0.7153502235469448,0.1695364238410596,0.07109737248840804,0.04266030736618972,0.030566859089618623,0.023995289268364493,0.5122699386503068
valentwin-school_report-n-100-hn-10-selective-neginter-lr-3e5-bs-512-euc-cnw-04-euc,0.7333333333333333,0.7760736196319018,0.7540983606557378,0.15562913907284767,0.0695517774343122,0.04199788023317435,0.030188322134948424,0.0235536581775357,0.5337423312883436
valentwin-school_report-n-100-hn-10-selective-noneg-lr-3e5-bs-512-euc-cnw-04-euc,0.7217391304347827,0.7638036809815951,0.7421758569299552,0.1609271523178808,0.07131817178185029,0.043190249072602015,0.030850761805621275,0.023995289268364493,0.5153374233128835
