,precision,recall,f1_score,precision_at_10_percent,precision_at_30_percent,precision_at_50_percent,precision_at_70_percent,precision_at_90_percent,recall_at_sizeof_ground_truth
valentwin-chicago_parks-n-100-hn-10-selective-neg-lr-3e5-bs-512-euc-cnw-04-euc,0.8446601941747572,0.9666666666666667,0.9015544041450777,0.7542372881355932,0.33584905660377357,0.21601941747572814,0.1592128801431127,0.12606232294617564,0.9888888888888889
valentwin-chicago_parks-n-100-hn-10-selective-neginter-lr-3e5-bs-512-euc-cnw-04-euc,0.8557692307692307,0.9888888888888889,0.9175257731958762,0.7381974248927039,0.33584905660377357,0.21601941747572814,0.1592128801431127,0.12606232294617564,0.9777777777777777
valentwin-chicago_parks-n-100-hn-10-selective-noneg-lr-3e5-bs-512-euc-cnw-04-euc,0.8446601941747572,0.9666666666666667,0.9015544041450777,0.7542372881355932,0.33584905660377357,0.21601941747572814,0.1592128801431127,0.12606232294617564,0.9888888888888889
