,precision,recall,f1_score,precision_at_10_percent,precision_at_30_percent,precision_at_50_percent,precision_at_70_percent,precision_at_90_percent,recall_at_sizeof_ground_truth
coma_schema_instance,0.9178082191780822,0.8589743589743589,0.8874172185430463,1.0,0.9545454545454546,0.9459459459459459,0.9038461538461539,0.9242424242424242,0.8589743589743589
deepjoin-all-mpnet-base-v2-coltotext-colname-stat-col-shuffle-0.4-epochs-10-bs-16-lr-2e-05-wd-0.01-warmup-10000-cosine,0.8470588235294118,0.9230769230769231,0.8834355828220859,0.9310344827586207,0.43023255813953487,0.27177700348432055,0.19402985074626866,0.1511627906976744,0.7692307692307693
starmie-model_sample_row_ordered_frequent_column_0-ft-cosine,0.49411764705882355,0.5384615384615384,0.5153374233128835,0.6140350877192983,0.3333333333333333,0.22807017543859648,0.18295739348370926,0.15204678362573099,0.48717948717948717
starmie-model_sample_row_ordered_tfidf_entity_column_0-cosine,0.4823529411764706,0.5256410256410257,0.5030674846625767,0.631578947368421,0.2982456140350877,0.20701754385964913,0.15789473684210525,0.13450292397660818,0.5128205128205128
valentwin-500spend-n-100-hn-10-selective-neg-lr-3e5-bs-512-20240421-euc-cnw-04-euc,0.9176470588235294,1.0,0.9570552147239264,1.0,0.45348837209302323,0.27177700348432055,0.19402985074626866,0.1511627906976744,1.0
