,precision,recall,f1_score,precision_at_10_percent,precision_at_30_percent,precision_at_50_percent,precision_at_70_percent,precision_at_90_percent,recall_at_sizeof_ground_truth
coma_schema_instance,0.918918918918919,0.8717948717948718,0.8947368421052632,1.0,0.9565217391304348,0.9459459459459459,0.9038461538461539,0.9253731343283582,0.8717948717948718
deepjoin-all-mpnet-base-v2-coltotext-colname-stat-col-shuffle-0.4-epochs-10-bs-16-lr-2e-05-wd-0.01-warmup-10000-cosine,0.8352941176470589,0.9102564102564102,0.8711656441717791,0.9137931034482759,0.42441860465116277,0.27177700348432055,0.19402985074626866,0.1511627906976744,0.7564102564102564
starmie-model_sample_row_ordered_frequent_column_0-ft-cosine,0.4823529411764706,0.5256410256410257,0.5030674846625767,0.6140350877192983,0.3157894736842105,0.23508771929824562,0.18546365914786966,0.15009746588693956,0.48717948717948717
starmie-model_sample_row_ordered_tfidf_entity_column_0-cosine,0.47058823529411764,0.5128205128205128,0.49079754601226994,0.6140350877192983,0.2982456140350877,0.20701754385964913,0.15538847117794485,0.13450292397660818,0.5128205128205128
valentwin-500spend-n-100-hn-10-selective-neg-lr-3e5-bs-512-20240421-euc-cnw-04-euc,0.9176470588235294,1.0,0.9570552147239264,1.0,0.45348837209302323,0.27177700348432055,0.19402985074626866,0.1511627906976744,1.0
