,precision,recall,f1_score,precision_at_10_percent,precision_at_30_percent,precision_at_50_percent,precision_at_70_percent,precision_at_90_percent,recall_at_sizeof_ground_truth
coma_schema_instance,0.918918918918919,0.8717948717948718,0.8947368421052632,1.0,0.9565217391304348,0.9459459459459459,0.9038461538461539,0.9253731343283582,0.8717948717948718
deepjoin-all-mpnet-base-v2-coltotext-colname-stat-col-shuffle-0.4-epochs-10-bs-16-lr-2e-05-wd-0.01-warmup-10000-cosine,0.8235294117647058,0.8974358974358975,0.8588957055214724,0.896551724137931,0.42441860465116277,0.2682926829268293,0.19402985074626866,0.1511627906976744,0.7564102564102564
starmie-model_sample_row_ordered_frequent_column_0-ft-cosine,0.5058823529411764,0.5512820512820513,0.5276073619631901,0.631578947368421,0.3391812865497076,0.22807017543859648,0.18295739348370926,0.14814814814814814,0.5
starmie-model_sample_row_ordered_tfidf_entity_column_0-cosine,0.4823529411764706,0.5256410256410257,0.5030674846625767,0.631578947368421,0.29239766081871343,0.21052631578947367,0.15288220551378445,0.13450292397660818,0.5128205128205128
valentwin-500spend-n-100-hn-10-selective-neg-lr-3e5-bs-512-20240421-euc-cnw-04-euc,0.9176470588235294,1.0,0.9570552147239264,1.0,0.45348837209302323,0.27177700348432055,0.19402985074626866,0.1511627906976744,1.0
