,precision,recall,f1_score,precision_at_10_percent,precision_at_30_percent,precision_at_50_percent,precision_at_70_percent,precision_at_90_percent,recall_at_sizeof_ground_truth
coma_schema_instance,0.8904109589041096,0.8333333333333334,0.8609271523178808,1.0,0.9545454545454546,0.9459459459459459,0.8846153846153846,0.8939393939393939,0.8333333333333334
deepjoin-all-mpnet-base-v2-coltotext-colname-stat-col-shuffle-0.4-epochs-10-bs-16-lr-2e-05-wd-0.01-warmup-10000-cosine,0.9058823529411765,0.9871794871794872,0.9447852760736197,0.9137931034482759,0.4418604651162791,0.27177700348432055,0.19402985074626866,0.1511627906976744,0.8205128205128205
starmie-model_sample_row_ordered_frequent_column_0-ft-cosine,0.5058823529411764,0.5512820512820513,0.5276073619631901,0.603448275862069,0.32558139534883723,0.2202797202797203,0.1770573566084788,0.14951456310679612,0.5
starmie-model_sample_row_ordered_tfidf_entity_column_0,0.49411764705882355,0.5384615384615384,0.5153374233128835,0.6379310344827587,0.3081395348837209,0.21254355400696864,0.15671641791044777,0.13565891472868216,0.5384615384615384
valentwin-500spend-n-300-hn-10-selective-neg-lr-3e5-bs-512-20240421-euc-cnw-04-euc,0.9176470588235294,1.0,0.9570552147239264,1.0,0.45348837209302323,0.27177700348432055,0.19402985074626866,0.1511627906976744,1.0
