,precision,recall,f1_score,precision_at_10_percent,precision_at_30_percent,precision_at_50_percent,precision_at_70_percent,precision_at_90_percent,recall_at_sizeof_ground_truth
coma_schema_instance,0.8958333333333334,0.7818181818181819,0.8349514563106797,1.0,0.8620689655172413,0.8333333333333334,0.8823529411764706,0.8850574712643678,0.7818181818181819
deepjoin-all-mpnet-base-v2-coltotext-colname-stat-col-shuffle-0.4-epochs-10-bs-16-lr-2e-05-wd-0.01-warmup-10000-cosine,0.8909090909090909,0.8909090909090909,0.8909090909090909,0.7272727272727273,0.3939393939393939,0.24545454545454545,0.17857142857142858,0.1388888888888889,0.6727272727272727
starmie-model_sample_row_ordered_frequent_column_0-ft-cosine,1.0,1.0,1.0,0.9885057471264368,0.4230769230769231,0.2540415704387991,0.1812191103789127,0.14102564102564102,0.9090909090909091
starmie-model_sample_row_ordered_tfidf_entity_column_0-cosine,1.0,1.0,1.0,1.0,0.43824701195219123,0.2631578947368421,0.18771331058020477,0.1460823373173971,0.9272727272727272
valentwin-DCMS_NHM_NHM-n-100-hn-10-selective-neg-lr-3e5-bs-512-20240421-euc-cnw-04-euc,0.9727272727272728,0.9727272727272728,0.9727272727272728,1.0,0.4166666666666667,0.25,0.17857142857142858,0.1388888888888889,0.9636363636363636
