,precision,recall,f1_score,precision_at_10_percent,precision_at_30_percent,precision_at_50_percent,precision_at_70_percent,precision_at_90_percent,recall_at_sizeof_ground_truth
coma_schema_instance,0.8958333333333334,0.7818181818181819,0.8349514563106797,1.0,0.8620689655172413,0.8333333333333334,0.8823529411764706,0.8850574712643678,0.7818181818181819
deepjoin-all-mpnet-base-v2-coltotext-colname-stat-col-shuffle-0.4-epochs-10-bs-16-lr-2e-05-wd-0.01-warmup-10000-cosine,0.8909090909090909,0.8909090909090909,0.8909090909090909,0.7727272727272727,0.4015151515151515,0.24772727272727274,0.17857142857142858,0.1388888888888889,0.7272727272727273
starmie-model_sample_row_ordered_frequent_column_0-ft-cosine,1.0,1.0,1.0,0.9885057471264368,0.421455938697318,0.25287356321839083,0.180623973727422,0.140485312899106,0.9
starmie-model_sample_row_ordered_tfidf_entity_column_0-cosine,1.0,1.0,1.0,1.0,0.4365079365079365,0.26252983293556087,0.18771331058020477,0.14588859416445624,0.9272727272727272
valentwin-DCMS_NHM_NHM-n-100-hn-10-selective-neg-lr-3e5-bs-512-20240421-euc-cnw-04-euc,0.9727272727272728,0.9727272727272728,0.9727272727272728,1.0,0.4166666666666667,0.25,0.17857142857142858,0.1388888888888889,0.9636363636363636
