,precision,recall,f1_score,precision_at_10_percent,precision_at_30_percent,precision_at_50_percent,precision_at_70_percent,precision_at_90_percent,recall_at_sizeof_ground_truth
coma_schema_instance,0.8958333333333334,0.7818181818181819,0.8349514563106797,1.0,0.8620689655172413,0.8333333333333334,0.8823529411764706,0.8850574712643678,0.7818181818181819
deepjoin-all-mpnet-base-v2-coltotext-colname-stat-col-shuffle-0.4-epochs-10-bs-16-lr-2e-05-wd-0.01-warmup-10000-cosine,0.8909090909090909,0.8909090909090909,0.8909090909090909,0.7386363636363636,0.3939393939393939,0.24545454545454545,0.17857142857142858,0.1388888888888889,0.6818181818181818
starmie-model_sample_row_ordered_frequent_column_0-ft-cosine,1.0,1.0,1.0,0.9772727272727273,0.4198473282442748,0.2517162471395881,0.17973856209150327,0.13994910941475827,0.9272727272727272
starmie-model_sample_row_ordered_tfidf_entity_column_0-cosine,1.0,1.0,1.0,1.0,0.43824701195219123,0.2631578947368421,0.18771331058020477,0.1460823373173971,0.9272727272727272
valentwin-DCMS_NHM_NHM-n-400-hn-10-selective-neg-lr-3e5-bs-512-20240421-euc-cnw-04-euc,0.9545454545454546,0.9545454545454546,0.9545454545454546,0.9090909090909091,0.4090909090909091,0.25,0.17857142857142858,0.1388888888888889,0.9
