,precision,recall,f1_score,precision_at_10_percent,precision_at_30_percent,precision_at_50_percent,precision_at_70_percent,precision_at_90_percent,recall_at_sizeof_ground_truth
coma_schema_instance,0.8958333333333334,0.7818181818181819,0.8349514563106797,1.0,0.8620689655172413,0.8333333333333334,0.8823529411764706,0.8850574712643678,0.7818181818181819
deepjoin-all-mpnet-base-v2-coltotext-colname-stat-col-shuffle-0.4-epochs-10-bs-16-lr-2e-05-wd-0.01-warmup-10000-cosine,0.8727272727272727,0.8727272727272727,0.8727272727272727,0.7613636363636364,0.39015151515151514,0.25,0.17857142857142858,0.1388888888888889,0.6909090909090909
starmie-model_sample_row_ordered_frequent_column_0-ft-cosine,1.0,1.0,1.0,0.9770114942528736,0.4230769230769231,0.25462962962962965,0.18181818181818182,0.14138817480719795,0.9090909090909091
starmie-model_sample_row_ordered_tfidf_entity_column_0-cosine,1.0,1.0,1.0,1.0,0.43478260869565216,0.26128266033254155,0.1864406779661017,0.14511873350923482,0.9454545454545454
valentwin-DCMS_NHM_NHM-n-500-hn-10-selective-neg-lr-3e5-bs-512-20240421-euc-cnw-04-euc,0.9545454545454546,0.9545454545454546,0.9545454545454546,0.9886363636363636,0.4128787878787879,0.25,0.17857142857142858,0.1388888888888889,0.9363636363636364
