,precision,recall,f1_score,precision_at_10_percent,precision_at_30_percent,precision_at_50_percent,precision_at_70_percent,precision_at_90_percent,recall_at_sizeof_ground_truth
alite-bert-base-uncased-l2,1.0,0.7727272727272727,0.8717948717948718,1.0,1.0,1.0,1.0,1.0,0.7727272727272727
alite-sup-simcse-roberta-base-l2,1.0,0.7727272727272727,0.8717948717948718,1.0,1.0,1.0,1.0,1.0,0.7727272727272727
deepjoin-all-mpnet-base-v2-coltotext-colname-stat-col-shuffle-0.4-epochs-10-bs-16-lr-2e-05-wd-0.01-warmup-10000,0.9090909090909091,0.9090909090909091,0.9090909090909091,0.7954545454545454,0.3977272727272727,0.24772727272727274,0.17694805194805194,0.1388888888888889,0.7818181818181819
deepjoin-sup-simcse-roberta-base-coltotext-colname-col-shuffle-0.0-epochs-1-bs-16-lr-2e-05-wd-0.01-warmup-10000,1.0,1.0,1.0,1.0,0.4090909090909091,0.25,0.17857142857142858,0.1388888888888889,0.9
starmie-model_drop_num_col_random_column_0-ft,0.9636363636363636,0.9636363636363636,0.9636363636363636,0.9310344827586207,0.4247104247104247,0.2552204176334107,0.18211920529801323,0.14175257731958762,0.8363636363636363
starmie-model_sample_row_ordered_frequent_column_0-ft-simcse,1.0,1.0,1.0,1.0,0.4700854700854701,0.2827763496143959,0.2018348623853211,0.15691868758915833,0.9636363636363636
starmie-model_sample_row_ordered_frequent_column_0-simcse,1.0,1.0,1.0,1.0,0.4583333333333333,0.2756892230576441,0.1971326164874552,0.1532033426183844,0.9636363636363636
starmie-model_sample_row_ordered_tfidf_entity_column_0,1.0,1.0,1.0,1.0,0.44715447154471544,0.26894865525672373,0.19230769230769232,0.14945652173913043,0.9545454545454546
valentwin-DCMS_NHM_NHM-n-100-hn-10-selective-neg-lr-3e5-bs-512-euc-cnw-04-euc,0.9727272727272728,0.9727272727272728,0.9727272727272728,1.0,0.4166666666666667,0.25,0.17857142857142858,0.1388888888888889,0.9636363636363636
