,precision,recall,f1_score,precision_at_10_percent,precision_at_30_percent,precision_at_50_percent,precision_at_70_percent,precision_at_90_percent,recall_at_sizeof_ground_truth
valentwin-25ksep11-n-100-hn-10-selective-neg-lr-3e5-bs-512-euc-cnw-04-euc,0.9083769633507853,0.9429347826086957,0.9253333333333333,0.8781362007168458,0.44019138755980863,0.2641780330222541,0.18871794871794872,0.14678899082568808,0.7228260869565217
valentwin-25ksep11-n-100-hn-10-selective-neginter-lr-3e5-bs-512-euc-cnw-04-euc,0.900523560209424,0.9347826086956522,0.9173333333333333,0.7419354838709677,0.42942583732057416,0.25915290739411345,0.18666666666666668,0.14639010769844435,0.7282608695652174
valentwin-25ksep11-n-100-hn-10-selective-noneg-lr-3e5-bs-512-euc-cnw-04-euc,0.8350785340314136,0.8668478260869565,0.8506666666666668,0.8781362007168458,0.44019138755980863,0.2641780330222541,0.18871794871794872,0.14678899082568808,0.7527173913043478
